Comment ID,no.,Comment Text,Themes,Sentiment,Emotion Detection ,Tone,Does the comment mention specific media content? 0 = No 1 = Yes,- If Y: what content?,- If Y: what is the general attitude toward this media content? 1=Positive/2=Neutral/3=Negative/4=Mixed/5=Unclear,"- - If positive, what does the author like about this content? ","- - If negative, what does the author dislike about this content? ",Does the comment mention gender or gender roles? 0 = No 1 = Yes,- If Y: How would you characterize the gender roles? 1= Women do domestic/care work; 2=Women have limited economic freedom; 3= Women have limited leadership; 4=Women are in subservient roles; 5=Women do not discuss sex or reproductive health; 5=Men are sexual aggressors; 6=Men are leaders; 7=Men are violent; 8=Men are primary breadwinners,- If Y: name any other gender themes and topics addressed in the comment: ,- If Y: What is the general attitude expressed toward discussed gender norms? 1=Positive/2=Neutral/3=Negative/4=Mixed/5=Unclear ,- If Y: What is the general attitude expressed toward women? 1=Positive/2=Neutral/3=Negative/4=Mixed/5=Unclear  ,"- If Y: Does the comment use collective framing (“we,” “our society,” “everyone knows”) or individual framing (“I,” “my experience”) in discussing gender/gender roles? 1 = Collective, 2 = Individual, 3 = Can't tell/Does not apply","- If Y: Does the comment contest or reproduce cultural stereotypes around gender? 0 = Contest, 1 = Reproduce, 3 = Unclear/Neither","Does the comment mention race, ethnicity, nationality, language, or caste in relation to the media content ? 0 = No 1 = Yes","- If Y,  which? _____","- If Y: What is the general attitude expressed toward this race, ethnicity, nationality, or language? 1=Positive/2=Neutral/3=Negative/4=Mixed/5=Unclear  ",Does the comment include any sexist or derogatory language?,"- If Y,  provide a quote","What emotions does the comment generally contain? 1=Contempt, 2=Anger,  3=Disgust, 4=Sadness, 5=Shame, 6=Embarrassment, 7=Guilt, 8=Compassion, 9=Pride, 10=No emotion","What emotions does the author express toward the media content? 1=Contempt, 2=Anger,  3=Disgust, 4=Sadness, 5=Shame, 6=Embarrassment, 7=Guilt, 8=Compassion, 9=Pride, 10=No emotion",Does the comment indicate that the author acquired new knowledge or information by watching?  0 = No 1 = Yes,- If Y: what did they learn?,Did the comment indicate that the author had existing knowledge reinforced by watching? 0 = No 1 = Yes,- If Y: what knowledge or information was reinforced?,Are there any calls to action in the comment (telling readers to do something)?  0 = No 1 = Yes,"- If Y, what is it calling readers to do?","Does the author share any information in the comment (e.g., share a fact, a link)? 0 = No 1 = Yes","- If Y, what information is shared?","Does the author advocate for anything in the comment (e.g., support a cause)? 0 = No 1 = Yes","- If Y, what do they advocate for?","Does the author correct any information in the comment (e.g., say that something is incorrect)? 0 = No 1 = Yes","- If Y, what do they correct?","Does the comment's author identify themselves in any way (name their gender, profession, location, etc)?  0 = No 1 = Yes","- If Y,  is profession mentioned?  0 = No 1 = Yes","- - If Y, what is the profession?","- If Y, is location mentioned?  0 = No 1 = Yes","- - If Y, what is the location?","- If Y, is race/ethnicity mentioned?  0 = No 1 = Yes","- - If Y, what is the location?","- If Y, is gender mentioned?  0 = No 1 = Yes","- - If Y, what gender?        1=Female, 2=Male, 3=Non-binary                                                                                                                                                                                                ",Notes
1.82E+18,1,"The moment I saw Zena with Cate as her bestie, I knew she is not a good person! Coz show me your friends, I tell who you are!!

Cate is that woman who was fighting for kelvin’s body and house!🤮🤮vile! Kenyans google her. Lynn Ngugi did a story too. #RHONairobi","Interpersonal Conflict, Bullying, and Aggression (1)",Negative (1),The emotion expressed in this comment is anger and hostility. (1),Hostile / Condemning (1),1 (1),"RHONairobi cast members (Zena, Cate) (1)",3 (1),– (1),Perceived immoral associations and character judgment (1),1 (1),4 (1),Moral judgment of women through social associations (1),3 (1),3 (1),2 (1),1 (1),1 (1),Kenyan nationality / Kenyan public image (1),3 (1),1 (1),“not a good person… vile” (1),1 (1),1 (1),0 (1),– (1),0 (1),– (1),0 (1),– (1),1 [1],Shares allegations and encourages others to look up background information about Cate (1),0 (1),– (1),0 (1),– (1),0 (1),,,,,,,,,
1.81E+18,2,"Zena/Xenah, Minne, Vera, Rejah are the most disrespectful, ill-mannered, uncultured people on the entire Real Housewives Franchise. Here we are Kenyans getting pride for the progress we are making as a Nation  and these women's main contribution nikuaibisha Taifa #RHONairobi https://t.co/ngES9Bi3GA","Race, Culture, and National Representation (2)",Negative (2),The emotion expressed in this comment is anger and contempt. (2),Nationalistic / Condemning (2),1 (2),RHONairobi cast / national representation (2),3 (2),– (2),Disrespectful behavior and negative national representation (2),1 (2),4 (2),Women representing national image and respectability (2),3 (2),3 (2),1 (2),1 (2),1 (2),Kenyan nationality / national image (2),3 (2),1 (2),"“disrespectful, ill-mannered, uncultured” (2)",1 (2),1 (2),0 (2),– (2),1 (2),Reinforced belief that the cast behaves disrespectfully and embarrasses the nation (2),0 (2),– (2),1 [2],Shares a link and frames the cast as embarrassing the nation (2),0 (2),– (2),0 (2),– (2),0 (2),,,,,,,,,
1.79E+18,3,"Polygamy #RHONairobi

Do you guys think Lisa's comment about African men and polygamy is racist. I feel like Minne is big at trying to be victim. Her husband was not mentioned and she was so triggered. It giving insecurity to me. Also the need to defend Kenyan men and make...","Race, Culture, and National Representation (3)",Negative (3),The emotion expressed in this comment is anger and suspicion. (3),Critical / Questioning (3),1 (3),RHONairobi – polygamy discussion / Lisa comment (3),4 (3),– (3),"Perceived racism, victimhood framing, and insecurity (3)",1 (3),"6,8 (3)",Racialized masculinity and cultural stereotyping of African men (3),4 (3),4 (3),2 (3),0 (3),1 (3),African men / Kenyan men (3),4 (3),0 (3),– (3),2 (3),2 (3),0 (3),– (3),1 (3),Reinforced belief that polygamy and racialized narratives are sensitive and frequently mishandled on the show (3),0 (3),– (3),0 [3],– (3),0 (3),– (3),0 (3),– (3),0 (3),,,,,,,,,
1.91E+18,4,I know I’m a bit late to season 2 but it seems like some of these women in #rhonairobi don’t know they’ll get old too because the age shaming left right center…,"Gender Norms, Respectability, and Womanhood (4)",Negative (4),The emotion expressed in this comment is frustration and moral judgment. (4),Critical / Disapproving (4),1 (4),RHONairobi Season 2 (4),3 (4),– (4),Age shaming and lack of self-awareness among women (4),1 (4),– (4),Ageism against women and beauty standards (4),3 (4),3 (4),2 (4),1 (4),0 (4),– (4),– (4),0 (4),– (4),4 (4),1 (4),1 (4),Learned that age-shaming is a recurring behavior this season (4),0 (4),– (4),0 (4),– (4),0 [4],– (4),0 (4),– (4),0 (4),– (4),0 (4),,,,,,,,,
1.84E+18,5,"Minne called Sonal a high end escort on a reality show and thinks an apology will cut it😂😂😂Smh. Also, Dr C is giving bitch vibes🤮

#RHoNairobi","Gender Norms, Respectability, and Womanhood (5)",Negative (5),The emotion expressed in this comment is disgust and hostility. (5),Hostile / Insulting (5),1 (5),"RHONairobi cast conflict (Minne, Sonal, Dr C) (5)",3 (5),– (5),"Verbal abuse, slut-shaming, and lack of remorse (5)",1 (5),"4,5 (5)",Slut-shaming and sexual reputation policing (5),3 (5),3 (5),2 (5),1 (5),0 (5),– (5),– (5),1 (5),“high end escort… bitch vibes” (5),3 (5),3 (5),0 (5),– (5),1 (5),Reinforced belief that Minne engages in verbal attacks and lacks accountability (5),0 (5),– (5),0 [5],– (5),0 (5),– (5),0 (5),– (5),0 (5),,,,,,,,,
1.83E+18,6,Fareed always cuts Zena off and allows others to do the same. So her message is never completely put out there. #RHONairobi #RHONairobiReunion https://t.co/yLV5kpD3Ip,"Production, Casting, and Franchise Critique (6)",Negative (6),The emotion expressed in this comment is frustration and dissatisfaction. (6),Critical / Frustrated (6),1 (6),RHONairobi reunion / Fareed hosting (6),3 (6),– (6),Poor moderation and silencing of cast members (6),1 (6),– (6),Silencing women’s voices in public spaces (6),3 (6),3 (6),2 (6),1 (6),0 (6),– (6),– (6),0 (6),– (6),4 (6),4 (6),1 (6),Learned that Zena is frequently interrupted and not allowed to speak fully (6),1 (6),Reinforced belief that Zena is consistently silenced during group discussions (6),0 (6),– (6),1 [6],"Shares observation about Zena being interrupted, includes a link (6)",0 (6),– (6),0 (6),– (6),0 (6),,,,,,,,,
1.83E+18,7,Honestly the show made the franchise feel like an investigation. Real housewives is all about empowering women and celebrating successful woman not this kidnapping stories #RHONairobi,"Production, Casting, and Franchise Critique (7)",Negative (7),The emotion expressed in this comment is disappointment and disapproval. (7),Critical / Disappointed (7),1 (7),RHONairobi storyline direction (7),3 (7),– (7),Deviating from empowerment to crime-like storylines (7),1 (7),3 (7),Failure of women-empowerment narratives (7),3 (7),3 (7),1 (7),0 (7),0 (7),– (7),– (7),0 (7),– (7),4 (7),4 (7),0 (7),– (7),1 (7),Reinforced belief that the show has shifted away from women’s empowerment toward sensationalism (7),0 (7),– (7),0 [7],– (7),1 (7),Advocates for refocusing the franchise on women’s empowerment rather than crime-related drama (7),0 (7),– (7),0 (7),,,,,,,,,
1.83E+18,8,"Looks wise-

Minne - everything looked good 
Zena- although it's a predictable look,but it was well put together 
 Farah- nice idea,but someone was out of place 
Vera- looked uncomfortable but okay
Dr C - no comment, at least she's stuck to the theme

#RHONairobi","Gender Norms, Respectability, and Womanhood (8)",Neutral (8),The emotion expressed in this comment is neutrality and observation. (8),Evaluative / Descriptive (8),1 (8),RHONairobi fashion / reunion looks (8),2 (8),– (8),– (8),1 (8),– (8),Female appearance and fashion policing (8),2 (8),2 (8),3 (8),3 (8),0 (8),– (8),– (8),0 (8),– (8),10 (8),10 (8),0 (8),– (8),0 (8),– (8),0 (8),– (8),0 [8],– (8),0 (8),– (8),0 (8),– (8),0 (8),,,,,,,,,
1.83E+18,9,"Let's give it up for Kirinyash Women Rep Wakili Njeri Maina.
Top of the list.
Top of the range.
Top of them all.

PR aside.

#RHONairobi
#MasculinitySaturday
RUTOMUSTGO
QuickMart Njeri Maina Gacheri University of Nairobi Khaligraph Jones Irungu Nyakera SHIF Maasai Oparanya https://t.co/iFUrO4UlPT","Positive Identification, Praise, and Aspiration (9)",Positive (9),The emotion expressed in this comment is pride and admiration. (9),Celebratory / Praising (9),0 (9),– (9),– (9),– (9),– (9),1 (9),6 (9),Women’s leadership and public recognition (9),1 (9),1 (9),1 (9),0 (9),1 (9),Kenyan nationality / Kenyan women leaders (9),1 (9),0 (9),– (9),9 (9),9 (9),0 (9),– (9),0 (9),– (9),0 (9),– (9),1 [9],Shares names of public figures and includes a promotional link (9),0 (9),– (9),0 (9),– (9),0 (9),,,,,,,,,
1.83E+18,10,Ni ushoga tuu ndio ako nayo ..ata ni vizuri amezaa boys only coz angezaa girl child huyu angemkill ...he hates women sana,"Gender Norms, Respectability, and Womanhood (10)",Negative (10),The emotion expressed in this comment is anger and hostility. (10),Hostile / Derogatory (10),0 (10),– (10),– (10),– (10),"Hateful, violent misogynistic behavior (10)",1 (10),7 (10),Extreme misogyny and hatred toward women (10),3 (10),3 (10),1 (10),1 (10),0 (10),– (10),– (10),1 (10),“he hates women sana” (10),2 (10),2 (10),0 (10),– (10),1 (10),Reinforced belief that misogynistic and violent attitudes toward women persist (10),0 (10),– (10),0 [10],– (10),0 (10),– (10),0 (10),– (10),0 (10),,,,,,,,,
1.83E+18,11,"@nini_seekane No these women planned to gang up against her! Just like they did Sonal last season! She's been called a murderer, a witch, a prostitute! She had no option but to defend herself! #RHONairobi","Interpersonal Conflict, Bullying, and Aggression (11)",Negative (11),The emotion expressed in this comment is anger and defensiveness. (11),Defensive / Justifying (11),1 (11),RHONairobi cast bullying storyline (11),4 (11),– (11),"Bullying, extreme accusations, and gang-up behavior (11)",1 (11),4 (11),Collective bullying and scapegoating of women (11),3 (11),4 (11),1 (11),0 (11),0 (11),– (11),– (11),1 (11),"“murderer, a witch, a prostitute” (11)",8 (11),8 (11),0 (11),– (11),1 (11),Reinforced belief that certain cast members are routinely targeted and scapegoated (11),0 (11),– (11),1 [11],Shares accusations previously made against a cast member (11),0 (11),– (11),0 (11),– (11),0 (11),,,,,,,,,
1.83E+18,12,This season was literally all about forming alliances and hanging up on someone 🙄no storyline whatsoever very boring and childish season even the reunion oldage women screaming at each other 🙄#RHONairobi,"Production, Casting, and Franchise Critique (12)",Negative (12),The emotion expressed in this comment is disappointment and boredom. (12),Dismissive / Critical (12),1 (12),RHONairobi Season 2 alliances / reunion (12),3 (12),– (12),"No storyline, childish alliances, excessive fighting (12)",1 (12),3 (12),Female alliances and social exclusion (12),3 (12),3 (12),1 (12),0 (12),0 (12),– (12),– (12),1 (12),“boring and childish… oldage women screaming” (12),1 (12),1 (12),0 (12),– (12),1 (12),Reinforced belief that alliances and bullying dominate the season’s narrative (12),0 (12),– (12),0 [12],– (12),1 (12),Advocates criticism of alliance-based bullying and poor storytelling (12),0 (12),– (12),0 (12),,,,,,,,,
1.82E+18,13,"Last season Minne shown throughout the season, we loved her. But this season we realized she’s actually a mean girl and it was pretentious of her to say she supports women while all along she has been body shaming the ladies, casually throwing racism and ageism there #RHONairobi","Gender Norms, Respectability, and Womanhood (13)",Negative (13),The emotion expressed in this comment is anger and betrayal. (13),Critical / Accusatory (13),1 (13),RHONairobi Season comparison (Minne) (13),3 (13),– (13),Hypocrisy around supporting women; body shaming and racism (13),1 (13),4 (13),Hypocrisy in feminist self-presentation (13),3 (13),3 (13),2 (13),0 (13),0 (13),– (13),– (13),1 (13),“mean girl… body shaming… racism and ageism” (13),2 (13),2 (13),1 (13),Learned that Minne’s public persona differs from her behavior this season (13),1 (13),Reinforced belief that Minne’s “pro-women” stance is performative rather than genuine (13),0 (13),– (13),1 [13],Shares observation comparing Minne’s behavior across seasons (13),0 (13),– (13),0 (13),– (13),0 (13),,,,,,,,,
1.82E+18,14,"Charles is the first husband to be invited to the reunion on any African real housewives franchise , I stand to be corrected though but listen this man supports his wife hey 🔥🔥🔥🔥 #RHONairobi","Positive Identification, Praise, and Aspiration (14)",Positive (14),The emotion expressed in this comment is pride and appreciation. (14),Supportive / Admiring (14),1 (14),RHONairobi reunion / husbands on show (14),1 (14),Supportive husband and positive male involvement (14),– (14),1 (14),"6,8 (14)",Male allyship and supportive husband narrative (14),1 (14),1 (14),2 (14),0 (14),0 (14),– (14),– (14),0 (14),– (14),9 (14),9 (14),0 (14),– (14),0 (14),– (14),0 (14),– (14),1 [14],Shares factual claim about a husband attending the reunion (14),1 (14),Advocates recognition and praise for supportive husbands (14),1 (14),"Clarifies that this may be the first African Real Housewives reunion to invite a husband, while acknowledging possible exceptions (14)",0 (14),,,,,,,,,
1.82E+18,15,Minne came with her rehearsed PR trained apology. You do not support women! I could never support women and even dream about uttering half of the things you did #RHONairobi,"Gender Norms, Respectability, and Womanhood (15)",Negative (15),The emotion expressed in this comment is anger and moral outrage. (15),Accusatory / Moralizing (15),1 (15),RHONairobi apology scene (Minne) (15),3 (15),– (15),"Insincere, PR-driven apology and lack of accountability (15)",1 (15),4 (15),Performative feminism and PR apologies (15),3 (15),3 (15),2 (15),0 (15),0 (15),– (15),– (15),1 (15),“rehearsed PR trained apology… You do not support women!” (15),2 (15),2 (15),0 (15),– (15),1 (15),Reinforced belief that apologies on the show are strategic rather than sincere (15),0 (15),– (15),0 [15],– (15),0 (15),– (15),0 (15),– (15),0 (15),,,,,,,,,
1.82E+18,16,Minne saying she's pro women &amp; supports women is the biggest load of crap she's spewed all season. That apology is not from remorse. It's from trying to keep her social media followers. #RHONairobi,"Gender Norms, Respectability, and Womanhood (16)",Negative (16),The emotion expressed in this comment is anger and cynicism. (16),Cynical / Dismissive (16),1 (16),RHONairobi apology narrative (16),3 (16),– (16),Performative feminism and fake remorse (16),1 (16),4 (16),Social media clout over genuine accountability (16),3 (16),3 (16),2 (16),0 (16),0 (16),– (16),– (16),1 (16),“biggest load of crap” (16),2 (16),2 (16),0 (16),– (16),1 (16),Reinforced belief that public accountability among the cast is lacking (16),0 (16),– (16),0 [16],– (16),0 (16),– (16),0 (16),– (16),0 (16),,,,,,,,,
1.82E+18,17,Grown women arguing on TV about who owns what and who lives how/where is very very yuck! Haiiii! Kumbe appearances hii town ni kazi kubwa hivi... 😭😭😭 #RHONairobi,"Gender Norms, Respectability, and Womanhood (17)",Negative (17),The emotion expressed in this comment is disgust and embarrassment. (17),Disapproving / Judgmental (17),1 (17),RHONairobi interpersonal conflicts (17),3 (17),– (17),Petty material arguments and shallow values (17),1 (17),3 (17),Materialism and class signaling among women (17),3 (17),3 (17),1 (17),1 (17),0 (17),– (17),– (17),1 (17),“very very yuck” (17),3 (17),3 (17),0 (17),– (17),1 (17),Reinforced belief that materialism and status competition drive conflict (17),0 (17),– (17),0 [17],– (17),0 (17),– (17),0 (17),– (17),0 (17),,,,,,,,,
1.82E+18,18,The tension between Minnie and Zena is so thick! You can’t even cut it with a knife 😂 #RHONairobi,"Interpersonal Conflict, Bullying, and Aggression (18)",Neutral (18),The emotion expressed in this comment is amusement and anticipation. (18),Playful / Observational (18),1 (18),RHONairobi cast tension (Minne vs Zena) (18),2 (18),– (18),– (18),1 (18),– (18),Female rivalry and interpersonal tension (18),2 (18),2 (18),3 (18),3 (18),0 (18),– (18),– (18),0 (18),– (18),10 (18),10 (18),0 (18),– (18),0 (18),– (18),0 (18),– (18),0 [18],– (18),0 (18),– (18),0 (18),– (18),0 (18),,,,,,,,,
1.82E+18,19,Do you guys see why I say that Dr. C is the best housewife on this show?? The way she brought out that Pandora's box with all the documents just to prove her point. That’s how a housewife behaves #RHONairobi,"Positive Identification, Praise, and Aspiration (19)",Positive (19),The emotion expressed in this comment is admiration and confidence. (19),Admiring / Affirmative (19),1 (19),RHONairobi cast behavior (Dr C documents) (19),1 (19),"Dr C’s assertiveness, preparedness, and strong performance (19)",– (19),1 (19),6 (19),Women’s competence and authority validation (19),1 (19),1 (19),2 (19),0 (19),0 (19),– (19),– (19),0 (19),– (19),9 (19),9 (19),0 (19),– (19),1 (19),Reinforced belief that Dr. C performs strength and dominance effectively on the show (19),0 (19),– (19),0 [19],– (19),1 (19),Advocates recognition of Dr. C as a strong/ideal housewife (19),0 (19),– (19),0 (19),,,,,,,,,
1.82E+18,20,Ummmmm I don't know about Fareed hosting skills on #RHONairobi reunion 😬😬 it's not giving what it's supposed to ! And he's literally struggling to control the narrative and these women ..,"Production, Casting, and Franchise Critique (20)",Negative (20),The emotion expressed in this comment is disappointment and concern. (20),Critical / Skeptical (20),1 (20),RHONairobi reunion host (Fareed) (20),3 (20),– (20),Weak hosting and inability to control cast (20),1 (20),6 (20),Male authority in moderating female conflict (20),3 (20),3 (20),2 (20),0 (20),0 (20),– (20),– (20),0 (20),– (20),6 (20),6 (20),1 (20),Learned that Fareed struggled to control the reunion discussion (20),1 (20),Reinforced belief that the reunion host failed to manage conflict effectively (20),0 (20),– (20),0 [20],– (20),1 (20),Advocates better moderation and hosting at the reunion (20),0 (20),– (20),0 (20),,,,,,,,,
1.82E+18,21,Zenah was baptised by fire in the wrong way. You don't get into a show and immediately find an alliance. These girls switch very fast. As a newbie you're better off fence sitting and watching a stronger side. #RHONairobi,"Production, Casting, and Franchise Critique (21)",Neutral (21),The emotion expressed in this comment is neutrality and caution. (21),Advisory / Observational (21),1 (21),RHONairobi newcomer dynamics (Zena) (21),2 (21),– (21),– (21),1 (21),3 (21),Survival strategies for women in hostile groups (21),2 (21),2 (21),2 (21),3 (21),0 (21),– (21),– (21),0 (21),– (21),4 (21),4 (21),0 (21),– (21),1 (21),Reinforced belief that newcomers struggle due to unstable alliances (21),0 (21),– (21),0 [21],– (21),0 (21),– (21),0 (21),– (21),0 (21),,,,,,,,,
1.82E+18,22,"Boity must NOT want to get married because there is no way, men are not asking. This woman is drop dead gorgeous. WHAT. Who wouldn't want this as his wife? But let me read my books chile. You can join me by following the link below

#RHONairobi Buhle #AskAMan Nhlamulo Zulus Emtee https://t.co/lYP4xIZqlP","Gender Norms, Respectability, and Womanhood (22)",Neutral (22),The emotion expressed in this comment is admiration and curiosity. (22),Flirtatious / Playful (22),0 (22),– (22),– (22),– (22),– (22),1 (22),4 (22),Marriageability tied to beauty and youth (22),3 (22),3 (22),2 (22),1 (22),0 (22),– (22),– (22),0 (22),– (22),10 (22),10 (22),0 (22),– (22),0 (22),– (22),1 (22),Encourages readers to follow a link / join a discussion (22),1 [22],Shares a link and invites readers to follow or join discussion (22),0 (22),– (22),0 (22),– (22),0 (22),,,,,,,,,
1.82E+18,23,@ShowmaxOnline you guys are cutesy and definitely not demure 🤢#Rhonairobi https://t.co/FDq4sGNGT9,"Production, Casting, and Franchise Critique (23)",Negative (23),The emotion expressed in this comment is disgust and disdain. (23),Sarcastic / Disgusted (23),1 (23),RHONairobi / Showmax branding (23),3 (23),– (23),Branding tone seen as distasteful or annoying (23),1 (23),– (23),Brand tone vs femininity expectations (23),2 (23),2 (23),2 (23),3 (23),0 (23),– (23),– (23),1 (23),“not demure 🤢” (23),3 (23),3 (23),0 (23),– (23),0 (23),– (23),0 (23),– (23),1 [23],Shares a link expressing dislike toward the platform/show (23),0 (23),– (23),0 (23),– (23),0 (23),,,,,,,,,
1.82E+18,24,"The second reunion of #RHONairobi drops tomorrow. Kuna mtu anajua kumake entrance kama Vera? #RHON S2 #Housewives #Showmax 
https://t.co/yl9qpsz5Xa https://t.co/zIHsNVfguy","Production, Casting, and Franchise Critique (24)",Neutral (24),The emotion expressed in this comment is anticipation and excitement. (24),Promotional / Anticipatory (24),1 (24),RHONairobi reunion promo (24),2 (24),– (24),– (24),1 (24),– (24),Media anticipation and spectacle (24),2 (24),2 (24),3 (24),3 (24),0 (24),– (24),– (24),0 (24),– (24),10 (24),10 (24),0 (24),– (24),0 (24),– (24),0 (24),– (24),1 [24],Shares information about reunion timing and includes links (24),0 (24),– (24),0 (24),– (24),0 (24),,,,,,,,,
1.82E+18,25,"Nobody is coming to save you. You have to wake yourself up. It is one moment in time you need to do that is going to define your destiny~ Dr.@catherinmasitsa 

Host: @CathMwangi
Producer: @alangomillicent 

#RHONairobi #WhatsYourStory #KTNWelcomeHome https://t.co/iqEBQQHY9b","Positive Identification, Praise, and Aspiration (25)",Positive (25),The emotion expressed in this comment is encouragement and optimism. (25),Motivational / Inspirational (25),0 (25),– (25),– (25),– (25),– (25),1 (25),6 (25),Women’s self-help and empowerment rhetoric (25),1 (25),1 (25),3 (25),0 (25),0 (25),– (25),– (25),0 (25),– (25),9 (25),9 (25),0 (25),– (25),0 (25),– (25),0 (25),– (25),1 [25],Shares a motivational quote and media credits (25),1 (25),Advocates self-empowerment and personal responsibility (25),0 (25),– (25),0 (25),,,,,,,,,
1.82E+18,26,Nikimalizana na serikali sasa real housewives of nairobi watatuambia why they platform bullies and people with bad wigs,"Production, Casting, and Franchise Critique (26)",Negative (26),The emotion expressed in this comment is cynicism and frustration. (26),Critical / Cynical (26),1 (26),RHONairobi production choices (26),3 (26),– (26),Platforming bullies and poor production choices (26),1 (26),3 (26),Platforming bullies in women-centered media (26),3 (26),3 (26),1 (26),0 (26),0 (26),– (26),– (26),1 (26),“platform bullies and people with bad wigs” (26),2 (26),2 (26),0 (26),– (26),1 (26),Reinforced belief that production platforms bullying behavior (26),0 (26),– (26),0 [26],– (26),1 (26),Advocates accountability from producers for platforming bullies (26),0 (26),– (26),0 (26),,,,,,,,,
1.82E+18,27,"@Create-d6i   we've heard you... protector of the oppressed, omuwanika, madam parliament, Mrs. Boniface mwangi, Madam Eric omondi, muteti....kama anakaa fossil, ata umpake mafuta aje hatanona","Gender Norms, Respectability, and Womanhood (27)",Negative (27),The emotion expressed in this comment is contempt and mockery. (27),Sarcastic / Mocking (27),0 (27),– (27),– (27),– (27),– (27),1 (27),– (27),Ageism and political ridicule (27),2 (27),2 (27),1 (27),3 (27),0 (27),– (27),– (27),1 (27),“kama anakaa fossil” (27),1 (27),1 (27),0 (27),– (27),1 (27),Reinforced belief that public figures are often performative and hypocritical (27),0 (27),– (27),0 [27],– (27),0 (27),– (27),0 (27),– (27),0 (27),,,,,,,,,
1.82E+18,28,"Such a flop..violent women, no class, forced drama plus not the real representation the ladies in Nairobi...I preffered the cast on Sn1. Dr.C is cool #RHONairobi #RealHouseWivesofNairobi","Gender Norms, Respectability, and Womanhood (28)",Negative (28),The emotion expressed in this comment is disappointment and disapproval. (28),Dismissive / Condemning (28),1 (28),RHONairobi Season comparison / casting (28),3 (28),– (28),"Violence, lack of class, forced drama (28)",1 (28),3 (28),Violent femininity and class anxiety (28),3 (28),3 (28),2 (28),1 (28),0 (28),– (28),– (28),1 (28),"“violent women, no class, forced drama” (28)",3 (28),3 (28),0 (28),– (28),1 (28),Reinforced belief that the show misrepresents Nairobi women as violent and classless (28),0 (28),– (28),0 [28],– (28),1 (28),"Advocates rejection of violent, low-class representation on the show (28)",0 (28),– (28),0 (28),,,,,,,,,
1.82E+18,29,"The other African Real Housewives show can cut from the #RHONairobi cloth. This week was the finale, and next week is part one of the reunion. Not this thing of having to wait at least 2 weeks for a reunion.","Production, Casting, and Franchise Critique (29)",Neutral (29),The emotion expressed in this comment is neutrality and information-sharing. (29),Comparative / Informational (29),1 (29),RHONairobi scheduling / reunion format (29),2 (29),– (29),– (29),0 (29),– (29),– (29),2 (29),2 (29),3 (29),3 (29),0 (29),– (29),– (29),0 (29),– (29),10 (29),10 (29),0 (29),– (29),1 (29),Reinforced belief that reunion scheduling and production choices are inconsistent (29),0 (29),– (29),1 [29],Shares information about finale and reunion scheduling (29),1 (29),Advocates improved scheduling and consistency across franchises (29),0 (29),– (29),0 (29),,,,,,,,,
1.82E+18,30,This thing of Farah always want to mediate yet they hate on her is sad… She needs to let these women be cause they never have her back when she’s in hot soup… #RHONairobi,"Gender Norms, Respectability, and Womanhood (30)",Negative (30),The emotion expressed in this comment is sadness and concern. (30),Sympathetic / Advisory (30),1 (30),RHONairobi cast dynamics (Farah) (30),3 (30),– (30),Lack of support and unfair treatment of Farah (30),1 (30),4 (30),Emotional labor and mediation expectations on women (30),3 (30),3 (30),2 (30),0 (30),0 (30),– (30),– (30),0 (30),– (30),4 (30),4 (30),0 (30),– (30),1 (30),Reinforced belief that mediating personalities are repeatedly undermined (30),0 (30),– (30),0 [30],– (30),0 (30),– (30),0 (30),– (30),0 (30),,,,,,,,,
1.82E+18,31,I don’t understand why Zena actually went on that girl’s trip. Can she grow up honestly or like Rejah just go home. Some women just need to grow up because it’s giving jealous 6year old vibes #RHONairobi,"Gender Norms, Respectability, and Womanhood (31)",Negative (31),The emotion expressed in this comment is frustration and irritation. (31),Judgmental / Condescending (31),1 (31),RHONairobi girls’ trip storyline (31),3 (31),– (31),Immaturity and jealous behavior (31),1 (31),4 (31),Infantilization of women’s behavior (31),3 (31),3 (31),2 (31),1 (31),0 (31),– (31),– (31),1 (31),“grow up… jealous 6year old vibes” (31),1 (31),1 (31),0 (31),– (31),1 (31),Reinforced belief that emotional immaturity among cast members fuels conflict (31),0 (31),– (31),0 [31],– (31),0 (31),– (31),0 (31),– (31),0 (31),,,,,,,,,
1.82E+18,32,"Minne, Dr C and Vera are such mean girls. Their sole mission is to get the new girls off the show so that they are seen as strong women who survived the show 🙄🙄 #RHONairobi","Interpersonal Conflict, Bullying, and Aggression (32)",Negative (32),The emotion expressed in this comment is anger and hostility. (32),Accusatory / Condemning (32),1 (32),RHONairobi bullying alliances (32),3 (32),– (32),Mean-girl alliances and targeting newcomers (32),1 (32),3 (32),Gatekeeping womanhood and strength (32),3 (32),3 (32),1 (32),1 (32),0 (32),– (32),– (32),1 (32),“mean girls” (32),1 (32),1 (32),0 (32),– (32),1 (32),Reinforced belief that senior cast members exclude newcomers to retain dominance (32),0 (32),– (32),0 [32],– (32),1 (32),Advocates critique of mean-girl behavior and exclusion of newcomers (32),0 (32),– (32),0 (32),,,,,,,,,
1.82E+18,33,"@ShowmaxKenya Hio fala ilikua na pesa hapo 2019 karibu itukojolee juu sisi ni maskini... Nigga exchanges women on a regular, flaunting on a certain 2 seater area za kahawa.","Race, Culture, and National Representation (33)",Negative (33),The emotion expressed in this comment is anger and resentment. (33),Boastful / Provocative (33),0 (33),– (33),– (33),– (33),– (33),1 (33),5 (33),Sexual exploitation and transactional relationships (33),3 (33),3 (33),1 (33),1 (33),1 (33),Black / African identity slur (“Nigga”) (33),3 (33),1 (33),“Nigga exchanges women on a regular” (33),1 (33),1 (33),1 (33),Learned about alleged past wealth and behavior of a cast-associated man (33),1 (33),Reinforced belief that wealth and gender power dynamics influence behavior (33),0 (33),– (33),1 [33],Shares anecdotal information about a man’s past wealth and behavior (33),0 (33),– (33),0 (33),– (33),0 (33),,,,,,,,,
1.82E+18,34,"mimi and Dr C must go , they are not reality Queens , for 2 seasons and they are still doing same shit, can we have real women  #RHONairobi","Gender Norms, Respectability, and Womanhood (34)",Negative (34),The emotion expressed in this comment is frustration and rejection. (34),Dismissive / Critical (34),1 (34),RHONairobi casting criticism (34),3 (34),– (34),"Repetitive cast, lack of growth, poor reality-TV quality (34)",1 (34),3 (34),Rejection of inauthentic female archetypes (34),3 (34),3 (34),2 (34),1 (34),0 (34),– (34),– (34),1 (34),“not reality Queens” (34),1 (34),1 (34),0 (34),– (34),1 (34),Reinforced belief that some cast members lack authenticity and growth (34),1 (34),Calls for removal of specific cast members from the show (34),0 [34],– (34),1 (34),Advocates removal of long-standing cast members seen as inauthentic (34),0 (34),– (34),0 (34),,,,,,,,,
1.82E+18,35,"If we’re being honest, Dr. C is undoubtedly carrying the African real housewives franchise on her back. She’s a true housewife, she’s funny, delusional and knows how to provoke the girls and bring drama. She’s the true villain #RHONairobi","Positive Identification, Praise, and Aspiration (35)",Positive (35),The emotion expressed in this comment is admiration and amusement. (35),Admiring / Playfully Critical (35),1 (35),RHONairobi cast centrality (Dr C) (35),4 (35),Dr C’s entertainment value and central role in the show (35),– (35),1 (35),6 (35),Villainization of powerful women (35),4 (35),4 (35),2 (35),0 (35),0 (35),– (35),– (35),0 (35),“true villain” (35),9 (35),9 (35),0 (35),– (35),1 (35),Reinforced belief that Dr. C is central to sustaining viewer interest (35),0 (35),– (35),0 [35],– (35),1 (35),Advocates centering Dr. C as the main driver of the show (35),0 (35),– (35),0 (35),,,,,,,,,
1.82E+18,36,This wasn’t a good season compared to the first one. The girls lack class and self-control. Dr C had no choice but to single-handedly carry this show on her back. I don’t know a better housewife. I hope that they rethink their casting for the next season #RHONairobi,"Production, Casting, and Franchise Critique (36)",Negative (36),The emotion expressed in this comment is disappointment and critique. (36),Critical / Disappointed (36),1 (36),RHONairobi season quality / casting (36),3 (36),– (36),"Low class, lack of self-control, weak casting (36)",1 (36),3 (36),Respectability politics and class control (36),3 (36),3 (36),2 (36),0 (36),0 (36),– (36),– (36),1 (36),“lack class and self-control” (36),1 (36),1 (36),0 (36),– (36),1 (36),"Reinforced belief that the season lacked restraint, class, and emotional control (36)",0 (36),– (36),0 [36],– (36),1 (36),Advocates recasting and higher standards for behavior/class (36),0 (36),– (36),0 (36),,,,,,,,,
1.82E+18,37,These women are behaving so badly. You can’t make being late part of your character like it’s a good thing. Some East Africans are well mannered but these one no #RHONairobi,"Gender Norms, Respectability, and Womanhood (37)",Negative (37),The emotion expressed in this comment is disapproval and irritation. (37),Moralizing / Disapproving (37),1 (37),RHONairobi cast behavior norms (37),3 (37),– (37),Disrespectful behavior and poor manners (37),1 (37),3 (37),Cultural norms around punctuality and decorum (37),3 (37),3 (37),1 (37),1 (37),1 (37),East African identity (37),2 (37),1 (37),“behaving so badly” (37),1 (37),1 (37),0 (37),– (37),1 (37),Reinforced belief that lateness and disrespect are normalized behaviors (37),0 (37),– (37),0 [37],– (37),1 (37),Advocates better manners and accountability for lateness (37),0 (37),– (37),0 (37),,,,,,,,,
1.81E+18,38,"Rejah is so pretty, had hope for her as a housewife💀 but from the get go she seemed so lost in this group &amp; looked distressed.
She never even mentioned that she's married👀.
Now with the husband suing the show clearly things ain't right at home...
#RHONairobi","Gender Norms, Respectability, and Womanhood (38)",Neutral (38),The emotion expressed in this comment is sadness and concern. (38),Concerned / Reflective (38),1 (38),RHONairobi Rejah personal storyline (38),4 (38),– (38),– (38),1 (38),"4,8 (38)",Marriage secrecy and female respectability (38),4 (38),4 (38),2 (38),3 (38),0 (38),– (38),– (38),0 (38),– (38),4 (38),4 (38),1 (38),Learned that Rejah appeared distressed and had unresolved marital issues (38),0 (38),– (38),0 (38),– (38),1 [38],Shares speculation about Rejah’s marital status and distress (38),0 (38),– (38),0 (38),– (38),0 (38),,,,,,,,,
1.81E+18,39,Honestly Dr. C is deliberately antagonizing these women to get a reaction…and it is so sick &amp; disgusting 🤮 And then Minne…a very pathetic friend tbh #RHONairobi https://t.co/BKygEHyRUP,"Interpersonal Conflict, Bullying, and Aggression (39)",Negative (39),The emotion expressed in this comment is disgust and anger. (39),Hostile / Disgusted (39),1 (39),"RHONairobi antagonism (Dr C, Minne) (39)",3 (39),– (39),Deliberate provocation and toxic dynamics (39),1 (39),3 (39),Provocation as feminine power tactic (39),3 (39),3 (39),2 (39),0 (39),0 (39),– (39),– (39),1 (39),“sick & disgusting” (39),3 (39),3 (39),0 (39),– (39),1 (39),Reinforced belief that provocation is used intentionally to generate reactions (39),0 (39),– (39),1 [39],Shares opinion plus a link criticizing cast behavior (39),1 (39),Advocates calling out antagonistic behavior on screen (39),0 (39),– (39),0 (39),,,,,,,,,
1.81E+18,40,"Looks like Rejah just came with a lot of drama. Her husband is suing her &amp; the show as she filmed in his house with their kids without his consent. To his knowledge, she withdrew from the show after surgery only to find out she continued to film without his consent 🙆🏽‍♀️#RHONairobi https://t.co/jXHGNdYkky","Production, Casting, and Franchise Critique (40)",Negative (40),The emotion expressed in this comment is concern and unease. (40),Concerned / Informational (40),1 (40),"RHONairobi legal controversy (Rejah, husband) (40)",3 (40),– (40),Legal drama and unethical filming practices (40),1 (40),"4,8 (40)","Consent, motherhood, and domestic privacy (40)",3 (40),3 (40),2 (40),0 (40),0 (40),– (40),– (40),0 (40),– (40),4 (40),4 (40),1 (40),Learned that Rejah’s husband is suing over filming without consent (40),1 (40),Reinforced belief that off-screen legal and family conflicts affect the show (40),0 (40),– (40),1 [40],Shares details about a legal dispute involving Rejah’s husband and filming consent (40),0 (40),– (40),1 (40),Corrects the assumption that Rejah stopped filming by stating she continued filming without consent (40),0 (40),,,,,,,,,
1.81E+18,41,Dr C seems like a powerful and influential someone in Nairobi. She has contacts and plugs people. I suspect that’s why Minnie and Vera will keep fighting or gossiping about her but never ever cut ties with her. They never burn the bridge #RHONairobi,"Power, Influence, and Strategic Behavior (41)",Neutral (41),The emotion expressed in this comment is suspicion and calculation. (41),Analytical / Speculative (41),1 (41),RHONairobi power dynamics (Dr C) (41),2 (41),– (41),– (41),1 (41),6 (41),"Power, influence, and social capital among women (41)",2 (41),2 (41),2 (41),3 (41),0 (41),– (41),– (41),0 (41),– (41),1 (41),1 (41),0 (41),– (41),1 (41),Reinforced belief that power and influence shape interpersonal dynamics (41),0 (41),– (41),0 [41],– (41),0 (41),– (41),0 (41),– (41),0 (41),,,,,,,,,
1.81E+18,42,These women all bluetoothed their hate for Dr C. I’m trying hard to think of what Dr C did to Rajah before the sniffing comments?? Child soldier comments are not that deep. She should have clarified and moved on .. #RHONairobi,"Interpersonal Conflict, Bullying, and Aggression (42)",Neutral (42),The emotion expressed in this comment is frustration and confusion. (42),Defensive / Minimizing (42),1 (42),RHONairobi cast conflict context (42),3 (42),– (42),Overreaction and refusal to move on from conflict (42),1 (42),3 (42),Weaponization of past statements against women (42),3 (42),3 (42),2 (42),0 (42),0 (42),– (42),– (42),0 (42),“bluetoothed their hate” (42),2 (42),2 (42),0 (42),– (42),1 (42),Reinforced belief that miscommunication escalates unnecessarily (42),0 (42),– (42),0 [42],– (42),0 (42),– (42),0 (42),– (42),0 (42),,,,,,,,,
1.81E+18,43,"Zena takes everything Dr C says to heart. Shame, she's not cut out for this group. She should have fun with the drama #RHONairobi","Gender Norms, Respectability, and Womanhood (43)",Negative (43),The emotion expressed in this comment is disappointment and pity. (43),Critical / Dismissive (43),1 (43),RHONairobi cast fit / group dynamics (43),3 (43),– (43),Inability to handle reality-TV drama maturely (43),1 (43),4 (43),Emotional fragility vs resilience expectations (43),3 (43),3 (43),2 (43),1 (43),0 (43),– (43),– (43),0 (43),“not cut out for this group” (43),4 (43),4 (43),0 (43),– (43),1 (43),Reinforced belief that emotional resilience is required to survive the group (43),0 (43),– (43),0 [43],– (43),0 (43),– (43),0 (43),– (43),0 (43),,,,,,,,,
1.81E+18,44,"It is really not safe here , poor Farah is cut now #RHONairobi","Interpersonal Conflict, Bullying, and Aggression (44)",Negative (44),The emotion expressed in this comment is fear and alarm. (44),Alarmed / Concerned (44),1 (44),RHONairobi violent incident (Farah) (44),3 (44),– (44),"Unsafe, violent environment (44)",1 (44),7 (44),Gendered safety and violence (44),3 (44),3 (44),1 (44),0 (44),0 (44),– (44),– (44),0 (44),– (44),4 (44),4 (44),1 (44),Learned that Farah was physically injured during conflict (44),1 (44),Reinforced belief that physical harm has become an accepted risk (44),0 (44),– (44),1 [44],Shares information that Farah was injured during an incident (44),0 (44),– (44),0 (44),– (44),0 (44),,,,,,,,,
1.81E+18,45,Minne had no problem with the cultural implications of Zena bringing Dr.C a gifts that portrayed her as a witch but Dr.C is wishing Zena death with that coffin? Cut the bs and double standards! #RHONairobi,"Morality, Hypocrisy, and Authenticity (45)",Negative (45),The emotion expressed in this comment is anger and moral outrage. (45),Accusatory / Indignant (45),1 (45),"RHONairobi symbolism conflict (coffin, witch gift) (45)",4 (45),– (45),Double standards and symbolic threats (45),1 (45),4 (45),Symbolic violence and cultural double standards (45),3 (45),3 (45),2 (45),0 (45),0 (45),– (45),– (45),1 (45),“cut the bs and double standards” (45),2 (45),2 (45),0 (45),– (45),1 (45),Reinforced belief that double standards are applied selectively (45),0 (45),– (45),0 [45],– (45),1 (45),Advocates calling out double standards and hypocrisy (45),0 (45),– (45),0 (45),,,,,,,,,
1.81E+18,46,"Farah and Xenah's yellows looks are super cute. 

#RHONairobi","Gender Norms, Respectability, and Womanhood (46)",Positive (46),The emotion expressed in this comment is joy and appreciation. (46),Complimentary / Lighthearted (46),1 (46),"RHONairobi fashion (Farah, Xenah) (46)",1 (46),Fashion styling and coordinated looks (46),– (46),1 (46),– (46),Celebration of feminine aesthetics (46),1 (46),1 (46),3 (46),3 (46),0 (46),– (46),– (46),0 (46),– (46),9 (46),9 (46),0 (46),– (46),0 (46),– (46),0 (46),– (46),0 [46],– (46),0 (46),– (46),0 (46),– (46),0 (46),,,,,,,,,
1.81E+18,47,"Gathoni ni cucu utonaga mbele, amepewa pesa na Kasongo Maringo ikamshika , we are waiting her to take that young man to court, if she is woman enough let her do it, Shame on her.","Gender Norms, Respectability, and Womanhood (47)",Negative (47),The emotion expressed in this comment is anger and condemnation. (47),Judgmental / Shaming (47),0 (47),– (47),– (47),– (47),Public shaming and perceived cowardice (47),1 (47),4 (47),Female accountability and legal responsibility (47),3 (47),3 (47),1 (47),1 (47),0 (47),– (47),– (47),1 (47),“if she is woman enough” (47),5 (47),5 (47),0 (47),– (47),1 (47),Reinforced belief that women are harshly judged for perceived moral failures (47),1 (47),Encourages legal action or accountability (47),1 [47],Shares anecdotal claim about money and legal action (47),0 (47),– (47),0 (47),– (47),0 (47),,,,,,,,,
1.99E+18,48,"Ronu made this possible. Even when most of the women under this thread threw them under the bus for their hypocritical non-Yoruba friends… even when they blocked them, saying they were “doing too much”… even with all the insults and slurs thrown at them, they still stood their ground and did what was right. The guilt will always be on you all.","Race, Culture, and National Representation (48)",Positive (48),The emotion expressed in this comment is pride and moral conviction. (48),Moralizing / Accusatory (48),0 (48),– (48),– (48),– (48),– (48),1 (48),– (48),Female solidarity and activism (48),1 (48),1 (48),1 (48),0 (48),1 (48),Non-Yoruba identity / ethnic reference (48),4 (48),0 (48),– (48),9 (48),9 (48),0 (48),– (48),0 (48),– (48),0 (48),– (48),1 [48],Shares contextual background about online harassment and solidarity (48),1 (48),Advocates solidarity and standing ground against harassment (48),0 (48),– (48),0 (48),,,,,,,,,
1.81E+18,49,"But Dr C knows how Rejah reacts so she can't act surprised that this happened.

Minnie shut it, you threw water and tissue and women.

Vera stop it's not just the new ladies.

#RHONairobi","Interpersonal Conflict, Bullying, and Aggression (49)",Negative (49),The emotion expressed in this comment is frustration and reprimand. (49),Directive / Scolding (49),1 (49),RHONairobi conflict escalation (49),3 (49),– (49),Escalating conflicts and lack of accountability (49),1 (49),7 (49),Escalation of female conflict (49),3 (49),3 (49),1 (49),0 (49),0 (49),– (49),– (49),1 (49),“shut it” (49),2 (49),2 (49),0 (49),– (49),1 (49),Reinforced belief that aggressive behavior is excused within alliances (49),0 (49),– (49),0 [49],– (49),0 (49),– (49),0 (49),– (49),0 (49),,,,,,,,,
1.81E+18,50,"🤣🤣 Dr C how is it a character assassination?

Also Dr C she accepted your misinterpretation why can't you accept hers?

Also I mean doesn't Vera sell her nyash and don't you hook up women Dr C?

Dr C is definitely lying now.

#RHONairobi","Gender Norms, Respectability, and Womanhood (50)",Negative (50),The emotion expressed in this comment is anger and accusation. (50),Confrontational / Accusatory (50),1 (50),RHONairobi accusations / character disputes (50),3 (50),– (50),Dishonesty and character attacks (50),1 (50),5 (50),Sexual shaming and moral accusations (50),3 (50),3 (50),2 (50),1 (50),0 (50),– (50),– (50),1 (50),“sell her nyash… hook up women” (50),1 (50),1 (50),0 (50),– (50),1 (50),Reinforced belief that sexualized accusations are used as character attacks (50),0 (50),– (50),0 [50],– (50),0 (50),– (50),0 (50),– (50),0 (50),,,,,,,,,
1.81E+18,51,"Cute are those stainless steel water bottles customised?

Driving this far after landing is criminal.

#RHONairobi","Production, Casting, and Franchise Critique (51)",Neutral (51),The emotion expressed in this comment is neutrality and casual observation. (51),Casual / Observational (51),0 (51),– (51),– (51),– (51),– (51),0 (51),– (51),– (51),2 (51),2 (51),3 (51),3 (51),0 (51),– (51),– (51),0 (51),– (51),10 (51),10 (51),0 (51),– (51),0 (51),– (51),0 (51),– (51),0 [51],– (51),0 (51),– (51),0 (51),– (51),0 (51),,,,,,,,,
1.81E+18,52,"Dr C said I wanna see the call logs and now these women are pretending to love each other.

Minnie doesn't trust the lady who's been in her house and around her husband?

#RHONairobi","Interpersonal Conflict, Bullying, and Aggression (52)",Negative (52),The emotion expressed in this comment is suspicion and mistrust. (52),Suspicious / Critical (52),1 (52),RHONairobi trust issues (call logs) (52),3 (52),– (52),"Distrust, spying, and paranoia (52)",1 (52),"4,8 (52)",Surveillance of women’s relationships (52),3 (52),3 (52),2 (52),0 (52),0 (52),– (52),– (52),0 (52),– (52),2 (52),2 (52),0 (52),– (52),1 (52),Reinforced belief that distrust within marriages is exploited for drama (52),0 (52),– (52),0 [52],– (52),0 (52),– (52),0 (52),– (52),0 (52),,,,,,,,,
1.81E+18,53,The conversation Minnie and Dr C had was really good. She held Dr c accountable and she is not siding with violent women. I still think she didn’t want Dr C to spill anything else about Charles #Rhonairobi,"Gender Norms, Respectability, and Womanhood (53)",Neutral (53),The emotion expressed in this comment is approval and restraint. (53),Balanced / Reflective (53),1 (53),RHONairobi confrontation scene (53),4 (53),– (53),– (53),1 (53),6 (53),Female accountability without siding with violence (53),4 (53),4 (53),2 (53),0 (53),0 (53),– (53),– (53),0 (53),– (53),9 (53),9 (53),0 (53),– (53),1 (53),Reinforced belief that accountability conversations are rare but impactful (53),0 (53),– (53),0 [53],– (53),0 (53),– (53),0 (53),– (53),0 (53),,,,,,,,,
1.81E+18,54,I think Xena only has this energy towards Dr C because the other women also don’t like her. I don’t think she’d be this brave if it was just her and Dr C beefing #RHONairobi,"Interpersonal Conflict, Bullying, and Aggression (54)",Neutral (54),The emotion expressed in this comment is suspicion and social judgment. (54),Speculative / Observational (54),1 (54),RHONairobi group dynamics (54),2 (54),– (54),– (54),1 (54),3 (54),Peer-driven courage and mob mentality (54),3 (54),3 (54),2 (54),1 (54),0 (54),– (54),– (54),0 (54),– (54),1 (54),1 (54),0 (54),– (54),1 (54),Reinforced belief that group courage depends on majority backing (54),0 (54),– (54),0 [54],– (54),0 (54),– (54),0 (54),– (54),0 (54),,,,,,,,,
1.81E+18,55,"Hhayi guys! The amount of dilulu in Minne is concerning. She actually things she's the prettiest flower in the garden, that's why she thinks it's ok to bash Farrah's face. Even Miss Universe would not have that right speak this way about other women. #RHONairobi","Gender Norms, Respectability, and Womanhood (55)",Negative (55),The emotion expressed in this comment is anger and contempt. (55),Mocking / Condescending (55),1 (55),RHONairobi physical altercation (55),3 (55),– (55),Physical aggression and arrogance (55),1 (55),4 (55),Arrogance tied to beauty and desirability (55),3 (55),3 (55),2 (55),1 (55),0 (55),– (55),– (55),1 (55),“dilulu… bash Farrah’s face” (55),1 (55),1 (55),0 (55),– (55),1 (55),Reinforced belief that insecurity drives violent and abusive behavior (55),0 (55),– (55),0 [55],– (55),0 (55),– (55),0 (55),– (55),0 (55),,,,,,,,,
1.81E+18,56,"Zena, Vera and Minne are terrible women. Farrah doesn’t deserve to be treated that. The biggest bullies of note. Get them off my fucking screen. Such ghetto ass behaviour 🙄 #RHONairobi https://t.co/29AHmlqYrq","Interpersonal Conflict, Bullying, and Aggression (56)",Negative (56),The emotion expressed in this comment is anger and disgust. (56),Outraged / Condemning (56),1 (56),RHONairobi bullying narrative (56),3 (56),– (56),Bullying and mistreatment of Farah (56),1 (56),4 (56),Bullying and moral degradation of women (56),3 (56),3 (56),1 (56),0 (56),0 (56),– (56),– (56),1 (56),“terrible women… ghetto ass behaviour” (56),2 (56),2 (56),0 (56),– (56),1 (56),Reinforced belief that bullying of kinder cast members is normalized (56),0 (56),– (56),1 [56],Shares opinion labeling cast as bullies (56),1 (56),Advocates removing bullies from the show (56),0 (56),– (56),0 (56),,,,,,,,,
1.81E+18,57,"Hate watching #RHONairobi 
Dr. C should be slapped for that murder accusation. 
The casting director should bring us rich non working class women, i’m tired of seeing imenti fashion and fake brands on my tv. 
Hatutaki hustlers😭","Production, Casting, and Franchise Critique (57)",Negative (57),The emotion expressed in this comment is anger and condemnation. (57),Aggressive / Dismissive (57),1 (57),RHONairobi casting / class representation (57),3 (57),– (57),Classism and inauthentic representation (57),1 (57),"2,3 (57)",Classism and exclusion of “working-class” femininity (57),3 (57),3 (57),1 (57),1 (57),1 (57),Working-class / class-based identity framing (57),3 (57),1 (57),“should be slapped… fake brands” (57),3 (57),3 (57),0 (57),– (57),1 (57),Reinforced belief that the show rewards shock value over ethics (57),0 (57),– (57),0 [57],– (57),1 (57),"Advocates replacing cast with wealthier, more “classy” women (57)",0 (57),– (57),0 (57),,,,,,,,,
1.81E+18,58,"Why do all these crazy women always have to throw things at Dr C??? They all say mean things to each other. Why can't you speak like adults?
#RHONairobi","Interpersonal Conflict, Bullying, and Aggression (58)",Negative (58),The emotion expressed in this comment is frustration and disbelief. (58),Exasperated / Critical (58),1 (58),RHONairobi physical aggression (58),3 (58),– (58),Throwing objects and childish conflict (58),1 (58),7 (58),Normalization of physical aggression among women (58),3 (58),3 (58),1 (58),0 (58),0 (58),– (58),– (58),0 (58),“crazy women” (58),2 (58),2 (58),0 (58),– (58),1 (58),Reinforced belief that violence replaces dialogue in conflicts (58),0 (58),– (58),0 [58],– (58),0 (58),– (58),0 (58),– (58),0 (58),,,,,,,,,
1.81E+18,59,"I get women shading each other with class but throwing things at each other, flipping a whole table , shame ! Minnie using the fact that she is pregnant to disrespect people, The bar is beyond low . #RHON #RHONairobi","Gender Norms, Respectability, and Womanhood (59)",Negative (59),The emotion expressed in this comment is disgust and disappointment. (59),Disapproving / Moralizing (59),1 (59),RHONairobi table-flipping incident (59),3 (59),– (59),Physical fights and misuse of pregnancy status (59),1 (59),7 (59),Pregnancy used as moral shield (59),3 (59),3 (59),1 (59),0 (59),0 (59),– (59),– (59),1 (59),“bar is beyond low” (59),5 (59),5 (59),0 (59),– (59),1 (59),Reinforced belief that pregnancy is weaponized to excuse bad behavior (59),0 (59),– (59),0 [59],– (59),1 (59),Advocates condemning physical aggression and disrespect (59),0 (59),– (59),0 (59),,,,,,,,,
1.81E+18,60,"I just finished watching #RHONairobi  And what’s that damn , they need to bring us more classy women in the show .They must fire zena and Rejah mentally they are not prepared and they lack class for real .","Production, Casting, and Franchise Critique (60)",Negative (60),The emotion expressed in this comment is disappointment and frustration. (60),Dismissive / Critical (60),1 (60),RHONairobi casting expectations (60),3 (60),– (60),"Unprepared, unclassy cast members (60)",1 (60),3 (60),Gatekeeping who qualifies as a “real woman” (60),3 (60),3 (60),1 (60),0 (60),0 (60),– (60),– (60),1 (60),“lack class for real” (60),2 (60),2 (60),1 (60),Learned that some viewers perceive cast members as unprepared for the show (60),1 (60),Reinforced belief that casting choices lowered the show’s quality (60),1 (60),Calls for production to fire or replace cast members (60),0 [60],– (60),1 (60),Advocates firing specific cast members (60),0 (60),– (60),0 (60),,,,,,,,,
1.81E+18,61,Funny how she is always a part of the casualties of her acquaintances. When they want to fxck up their supposed enemies she is always there being sprayed with wine or almost being cut. 🤣🤣🤣 #RHONairobi,"Interpersonal Conflict, Bullying, and Aggression (61)",Neutral (61),The emotion expressed in this comment is amusement and irony. (61),Humorous / Ironic (61),1 (61),RHONairobi recurring violence (61),2 (61),– (61),Repetitive violence and chaos (61),1 (61),7 (61),Women as collateral in group conflicts (61),3 (61),3 (61),2 (61),3 (61),0 (61),– (61),– (61),0 (61),– (61),10 (61),10 (61),0 (61),– (61),1 (61),– (61),0 (61),– (61),0 [61],– (61),0 (61),– (61),0 (61),– (61),0 (61),,,,,,,,,
1.81E+18,62,"Minne, Zena and Vera are mean and vile women, we don’t need them on our screens anymore. I’ve lost the like I had for Minne from season 1. Disgusting behaviour!!  #RHONairobi","Interpersonal Conflict, Bullying, and Aggression (62)",Negative (62),The emotion expressed in this comment is disgust and rejection. (62),Condemning / Final (62),1 (62),RHONairobi cast removal sentiment (62),3 (62),– (62),Vile behavior and bullying fatigue (62),1 (62),4 (62),Audience fatigue with toxic femininity (62),3 (62),3 (62),1 (62),0 (62),0 (62),– (62),– (62),1 (62),“mean and vile women” (62),3 (62),3 (62),0 (62),– (62),1 (62),Reinforced belief that problematic cast members have overstayed their relevance (62),0 (62),– (62),0 [62],– (62),1 (62),Advocates removing mean/vile cast members from screens (62),0 (62),– (62),0 (62),,,,,,,,,
1.81E+18,63,Okay so do we all catch these racist comments Minne keeps making about Dr. C's husband...remind me why y'all hyped this woman up in Season 1?!!!  #RHONairobi,"Race, Culture, and National Representation (63)",Negative (63),The emotion expressed in this comment is anger and racial outrage. (63),Critical / Accusatory (63),1 (63),RHONairobi racist comments allegation (63),3 (63),– (63),Racist remarks toward a husband (63),1 (63),"6,8 (63)",Racism intersecting with gendered attacks (63),3 (63),3 (63),1 (63),0 (63),1 (63),Race / racism toward Dr. C’s husband (63),3 (63),1 (63),“racist comments” (63),2 (63),2 (63),1 (63),Learned that racist comments toward Dr C’s husband were repeatedly made (63),1 (63),Reinforced belief that racist remarks are repeatedly ignored (63),0 (63),– (63),1 [63],Shares claim about repeated racist comments toward a cast member’s husband (63),1 (63),Advocates accountability for racist remarks (63),0 (63),– (63),0 (63),,,,,,,,,
1.81E+18,64,"@iAmWayneSam @ShowmaxKenya What did they carry??Being unhinged every episode?💀 Zena has been angry &amp; bitter EVERY EPISODE,the only time she’s happy is around Minnie’s husband lmao. Reja has serious mental issues &amp; it’s painful to witness on screen. They need Baddies West NOT #RHONairobi @ShowmaxKenya","Production, Casting, and Franchise Critique (64)",Negative (64),The emotion expressed in this comment is disgust and concern. (64),Derisive / Provocative (64),1 (64),RHONairobi cast behavior critique (64),3 (64),– (64),Unhinged behavior and mental instability portrayal (64),1 (64),3 (64),Mental health stigmatization of women (64),3 (64),3 (64),1 (64),1 (64),0 (64),– (64),– (64),1 (64),“mental issues” (64),1 (64),1 (64),0 (64),– (64),1 (64),Reinforced belief that emotional instability is being sensationalized (64),0 (64),– (64),0 [64],– (64),1 (64),Advocates replacing the show format with a different franchise (64),0 (64),– (64),0 (64),,,,,,,,,
1.81E+18,65,"Negativity or prioritizing wealth and fame over others well being is what defines a ""nobody"". Whether it's the privileged who perpetuate harmful systems or the poor who justify resentment towards those who have more, the result is the same #rhonairobi. https://t.co/EX8TM7zzAU","Morality, Hypocrisy, and Authenticity (65)",Neutral (65),The emotion expressed in this comment is neutrality and reflection. (65),Philosophical / Reflective (65),0 (65),– (65),– (65),– (65),– (65),0 (65),– (65),Moral philosophy and social inequality (65),4 (65),4 (65),1 (65),3 (65),0 (65),– (65),– (65),0 (65),– (65),10 (65),10 (65),0 (65),– (65),1 (65),Reinforced belief that wealth-based resentment fuels conflict narratives (65),0 (65),– (65),1 [65],Shares a general social commentary about wealth and resentment (65),0 (65),– (65),0 (65),– (65),0 (65),,,,,,,,,
1.81E+18,66,.@ShowmaxKenya @ShowmaxOnline Honestly there is nothing cute about seeing grown women fight or get physical and production fails to address it!!! The show is beyond vile and toxic! The 4 girls ARE BULLIES…#RHONairobi @Rhonairobiquote,"Production, Casting, and Franchise Critique (66)",Negative (66),The emotion expressed in this comment is anger and condemnation. (66),Outraged / Critical (66),1 (66),RHONairobi production accountability (66),3 (66),– (66),Production ignoring violence and bullying (66),1 (66),7 (66),Production complicity in gendered violence (66),3 (66),3 (66),1 (66),0 (66),0 (66),– (66),– (66),1 (66),“vile and toxic… bullies” (66),2 (66),2 (66),0 (66),– (66),1 (66),Reinforced belief that production enables toxic dynamics (66),0 (66),– (66),0 [66],– (66),1 (66),Advocates production accountability for unchecked violence (66),0 (66),– (66),0 (66),,,,,,,,,
1.81E+18,67,"#RHONairobi This Show lost it when they brought a fake nyash Whore, Child  kidnapper/killer, and that mentally disturbed soldier to the show. We want real Housewives, not these things abeg https://t.co/iC3EY4V3pD","Gender Norms, Respectability, and Womanhood (67)",Negative (67),The emotion expressed in this comment is disgust and hostility. (67),Extreme / Dehumanizing (67),1 (67),RHONairobi casting outrage (67),3 (67),– (67),Extreme casting choices and dehumanization (67),1 (67),5 (67),Extreme dehumanization of women (67),3 (67),3 (67),1 (67),1 (67),0 (67),– (67),– (67),1 (67),“fake nyash Whore… mentally disturbed” (67),3 (67),3 (67),0 (67),– (67),1 (67),Reinforced belief that criminal accusations are used irresponsibly (67),0 (67),– (67),1 [67],Shares allegations of criminal behavior tied to casting choices (67),1 (67),Advocates removing cast accused of extreme misconduct (67),0 (67),– (67),0 (67),,,,,,,,,
1.81E+18,68,"These women have no shame ….. mnxxxxx  Minnie, Vera and Zena ….. I have lost my understanding of what shady means. No 👸🏽 today just villains 🤮 …. Shooooo coffins ⚰️ broken glass everywhere …. Just hysteria and ratchetness 🚮 #RHONairobi","Gender Norms, Respectability, and Womanhood (68)",Negative (68),The emotion expressed in this comment is disgust and moral panic. (68),Disgusted / Alarmist (68),1 (68),RHONairobi violent symbolism (68),3 (68),– (68),"Hysteria, vulgarity, and lack of dignity (68)",1 (68),4 (68),Loss of dignity and respectability narratives (68),3 (68),3 (68),1 (68),1 (68),0 (68),– (68),– (68),1 (68),“villains… hysteria and ratchetness” (68),3 (68),3 (68),0 (68),– (68),1 (68),Reinforced belief that chaos has replaced storytelling (68),0 (68),– (68),0 [68],– (68),0 (68),– (68),0 (68),– (68),0 (68),,,,,,,,,
1.81E+18,69,"Can someone start a petition for us we don't want Zena and Minne on our screens next season . @ShowmaxOnline @ShowmaxKenya do something those violent women don't deserve our time. 

Other long live the Queen Dr C

#RHONairobi","Production, Casting, and Franchise Critique (69)",Negative (69),The emotion expressed in this comment is anger and advocacy. (69),Activist / Demanding (69),1 (69),RHONairobi petition / cast removal (69),3 (69),– (69),Violent cast members and toxic atmosphere (69),1 (69),3 (69),Collective punishment and exclusion of women (69),3 (69),3 (69),1 (69),0 (69),0 (69),– (69),– (69),0 (69),– (69),10 (69),10 (69),0 (69),– (69),1 (69),– (69),1 (69),Calls for viewers to petition against cast members (69),1 [69],Shares a call for a petition and tags platforms (69),1 (69),Advocates starting a petition to remove specific cast members (69),0 (69),– (69),0 (69),,,,,,,,,
1.81E+18,70,"@ShowmaxKenya I don't think any one of us appreciated the disrespect at the event. There is a thin line between entertainment &amp; ugly behaviour. How uncouth. 
Center the show around Dr C, Lisa and her friends. We want opulent fun lives, not social media slay queens.
#RHONairobi","Production, Casting, and Franchise Critique (70)",Negative (70),The emotion expressed in this comment is disappointment and critique. (70),Critical / Prescriptive (70),1 (70),RHONairobi desired show direction (70),3 (70),– (70),Ugly behavior over opulent entertainment (70),1 (70),3 (70),"Desire for aspirational, elite femininity (70)",3 (70),3 (70),1 (70),0 (70),0 (70),– (70),– (70),1 (70),“uncouth… ugly behaviour” (70),5 (70),5 (70),0 (70),– (70),1 (70),Reinforced belief that viewers desire opulence rather than hostility (70),1 (70),Calls for producers to refocus the show on specific cast and themes (70),0 [70],– (70),1 (70),Advocates centering the show on opulence rather than conflict (70),0 (70),– (70),0 (70),,,,,,,,,
1.81E+18,71,"Minne is a clown ! That make is horrible and is her husband a housewife now? Her husbands cheap American accent, irks me out 😭. #RHONairobi","Gender Norms, Respectability, and Womanhood (71)",Negative (71),The emotion expressed in this comment is contempt and mockery. (71),Mocking / Insulting (71),1 (71),RHONairobi appearance / husband screen time (71),3 (71),– (71),Mockery of appearance and gender roles (71),1 (71),"4,8 (71)",Gender role mockery within marriage (71),3 (71),3 (71),2 (71),1 (71),0 (71),– (71),– (71),1 (71),“is her husband a housewife now?” (71),1 (71),1 (71),0 (71),– (71),1 (71),Reinforced belief that gender roles are mocked through spousal insults (71),0 (71),– (71),0 [71],– (71),0 (71),– (71),0 (71),– (71),0 (71),,,,,,,,,
1.81E+18,72,"I hate how Vera pretends to like Dr C but talk badly about her when she is with those evil women, i mean she put you on and you shade like this. Poor Farah her beautiful event ruined by a mad, classless woman who cant control her emotions. Zena is ratchet not a lady. #RHONairobi","Gender Norms, Respectability, and Womanhood (72)",Negative (72),The emotion expressed in this comment is anger and betrayal. (72),Angry / Condemning (72),1 (72),RHONairobi backstabbing narrative (72),3 (72),– (72),Two-faced behavior and ruining events (72),1 (72),4 (72),Female betrayal and social climbing (72),3 (72),3 (72),2 (72),1 (72),0 (72),– (72),– (72),1 (72),“ratchet not a lady” (72),2 (72),2 (72),0 (72),– (72),1 (72),Reinforced belief that betrayal among women is routine (72),0 (72),– (72),0 [72],– (72),0 (72),– (72),0 (72),– (72),0 (72),,,,,,,,,
1.81E+18,73,"Production needs to Gove Dr. C her flowers. She's the show and the show is her. Without her, all these other women would give absolutely nothing.
#RHONairobi","Positive Identification, Praise, and Aspiration (73)",Positive (73),The emotion expressed in this comment is admiration and praise. (73),Appreciative / Praising (73),1 (73),RHONairobi production praise (Dr C) (73),1 (73),Dr C’s importance to the show and production value (73),– (73),1 (73),6 (73),Recognition of women’s labor in entertainment (73),1 (73),1 (73),1 (73),0 (73),0 (73),– (73),– (73),0 (73),– (73),9 (73),9 (73),0 (73),– (73),1 (73),Reinforced belief that Dr. C is disproportionately carrying the show (73),0 (73),– (73),0 [73],– (73),1 (73),Advocates giving Dr. C recognition and credit (73),0 (73),– (73),0 (73),,,,,,,,,
1.81E+18,74,I don’t know who told these women that displaying how angry they can get will earn them respect… because it’s all just lack of self control. #RHONairobi https://t.co/VHS192QupH,"Gender Norms, Respectability, and Womanhood (74)",Negative (74),The emotion expressed in this comment is disapproval and frustration. (74),Critical / Moralizing (74),1 (74),RHONairobi anger portrayal critique (74),3 (74),– (74),Anger glorification and lack of self-control (74),1 (74),3 (74),Anger as failed route to respect (74),3 (74),3 (74),1 (74),0 (74),0 (74),– (74),– (74),0 (74),– (74),1 (74),1 (74),0 (74),– (74),1 (74),Reinforced belief that anger is mistaken for strength (74),0 (74),– (74),1 [74],Shares a link reinforcing criticism of anger and behavior (74),0 (74),– (74),0 (74),– (74),0 (74),,,,,,,,,
1.81E+18,75,"Fuck Zena for the disrespect to Farah, Fuck Vera for being double sided , fuck Minne for racial comments to Dr C’s husband and Farah! #RHONairobi","Race, Culture, and National Representation (75)",Negative (75),The emotion expressed in this comment is anger and outrage. (75),Profane / Aggressive (75),1 (75),RHONairobi racial comments & disrespect (75),3 (75),– (75),Racial insults and extreme disrespect (75),1 (75),"6,7 (75)",Intersection of racism and misogyny (75),3 (75),3 (75),1 (75),0 (75),0 (75),– (75),– (75),1 (75),“Fuck Zena… fuck Minne” (75),2 (75),2 (75),0 (75),– (75),1 (75),Reinforced belief that racial insults are tolerated by production (75),0 (75),– (75),0 [75],– (75),0 (75),– (75),0 (75),– (75),0 (75),,,,,,,,,
1.81E+18,76,"Dr C confidently tells off Zena that the women she has allegedly been killing will get buried in the casket she gifted her. 😂😂
#RHONairobi","Interpersonal Conflict, Bullying, and Aggression (76)",Neutral (76),The emotion expressed in this comment is amusement and shock. (76),Sarcastic / Amused (76),1 (76),RHONairobi coffin incident (76),4 (76),– (76),– (76),1 (76),– (76),Dark humor and symbolic threats (76),4 (76),4 (76),2 (76),3 (76),0 (76),– (76),– (76),0 (76),– (76),1 (76),1 (76),0 (76),– (76),1 (76),Reinforced belief that intimidation tactics are celebrated (76),0 (76),– (76),0 [76],– (76),0 (76),– (76),0 (76),– (76),0 (76),,,,,,,,,
1.81E+18,77,"@ShowmaxKenya
These violent women should be taken out of the cast.

Zena, Minne &amp; Rejah must not return next season.

Attacking people physically over the slightest things is not what civilized people do.

The other ladies do not need to feel threatened on this show.

#RHONairobi","Production, Casting, and Franchise Critique (77)",Negative (77),The emotion expressed in this comment is anger and moral condemnation. (77),Directive / Moralizing (77),1 (77),RHONairobi cast removal demand (77),3 (77),– (77),Physical violence and threatening behavior (77),1 (77),7 (77),Calls for removal of violent women (77),3 (77),3 (77),1 (77),0 (77),0 (77),– (77),– (77),0 (77),– (77),2 (77),2 (77),0 (77),– (77),1 (77),Reinforced belief that physical violence is unacceptable but recurring (77),1 (77),Calls for removal of violent cast members (77),0 [77],– (77),1 (77),Advocates removing violent cast members next season (77),0 (77),– (77),0 (77),,,,,,,,,
1.81E+18,78,"Minnie is racist AF. The dairy comments she makes about Dr C husband, while she wants no one to talk about her husband. And very hands on for a pregnant woman throwing things at Dr C &amp; if tables were to be turned... Ho ho ho ho
#RHONairobi https://t.co/YVPnUs09mZ","Race, Culture, and National Representation (78)",Negative (78),The emotion expressed in this comment is anger and disgust. (78),Accusatory / Outraged (78),1 (78),RHONairobi racism accusation (Minne) (78),3 (78),– (78),Racist comments and hypocrisy (78),1 (78),"6,8 (78)",Racialized masculinity and marital hypocrisy (78),3 (78),3 (78),1 (78),0 (78),0 (78),– (78),– (78),1 (78),“racist AF… dairy comments” (78),2 (78),2 (78),0 (78),– (78),1 (78),Reinforced belief that racist double standards persist (78),0 (78),– (78),1 [78],Shares a link highlighting alleged racist remarks (78),1 (78),Advocates calling out racism and hypocrisy (78),0 (78),– (78),0 (78),,,,,,,,,
1.81E+18,79,"These women really think that this is what Real Housewives is about? The alliances, planning take downs behind the scenes, accusations about real life crimes, bullying?? #RHONairobi https://t.co/K5w9He8m61","Production, Casting, and Franchise Critique (79)",Negative (79),The emotion expressed in this comment is disappointment and critique. (79),Critical / Disillusioned (79),1 (79),RHONairobi franchise identity critique (79),3 (79),– (79),"Bullying, crime accusations, and fake drama (79)",1 (79),3 (79),Rejection of toxic reality-TV femininity (79),3 (79),3 (79),1 (79),0 (79),0 (79),– (79),– (79),0 (79),– (79),1 (79),1 (79),0 (79),– (79),1 (79),Reinforced belief that the franchise’s original premise is being lost (79),0 (79),– (79),1 [79],Shares link criticizing alliances and bullying (79),1 (79),Advocates rejecting bullying-driven narratives (79),0 (79),– (79),0 (79),,,,,,,,,
1.81E+18,80,I don’t think Dr C meant that she killed literally 😭 but yay it struck a nerve so something is up . It’s really a mafia world because she’s kidnapped kids and now killed women ? #RHONairobi https://t.co/P8euW46ibL,"Production, Casting, and Franchise Critique (80)",Neutral (80),The emotion expressed in this comment is confusion and unease. (80),Speculative / Skeptical (80),1 (80),RHONairobi crime accusation discourse (80),4 (80),– (80),Crime insinuations and disturbing narratives (80),1 (80),5 (80),Crime metaphors applied to women (80),3 (80),3 (80),2 (80),3 (80),0 (80),– (80),– (80),0 (80),– (80),2 (80),2 (80),0 (80),– (80),1 (80),Reinforced belief that criminal metaphors are exaggerated but intentional (80),0 (80),– (80),1 [80],Shares speculation about criminal metaphors and kidnapping references (80),0 (80),– (80),1 (80),"Clarifies that Dr. C’s “killing” statement was likely metaphorical, not literal (80)",0 (80),,,,,,,,,
1.81E+18,81,Like this is not housewives vibes. Apart from Dr C… this is REAL GHETTO WOMEN SHOW…. No iota of class among the lots aside Farah and Dr C…. Jeeezzz am I dreaming?  #RHONairobi,"Gender Norms, Respectability, and Womanhood (81)",Negative (81),The emotion expressed in this comment is disgust and contempt. (81),Dismissive / Alarmist (81),1 (81),RHONairobi class & respectability critique (81),3 (81),– (81),Low-class behavior harming franchise identity (81),1 (81),3 (81),Classed femininity vs “ghetto” labeling (81),3 (81),3 (81),1 (81),1 (81),0 (81),– (81),– (81),1 (81),“REAL GHETTO WOMEN SHOW” (81),1 (81),1 (81),0 (81),– (81),1 (81),Reinforced belief that classist narratives dominate viewer frustration (81),0 (81),– (81),0 [81],– (81),0 (81),– (81),0 (81),– (81),0 (81),,,,,,,,,
1.81E+18,82,Yooooo… this show is evil…. Get Zena and Rejah out of here. These women are ticking time bomb and belong to the mental home… #RHONairobi,"Interpersonal Conflict, Bullying, and Aggression (82)",Negative (82),The emotion expressed in this comment is fear and alarm. (82),Alarmist / Fearful (82),1 (82),RHONairobi cast instability (82),3 (82),– (82),"Dangerous, unstable cast members (82)",1 (82),7 (82),Pathologizing women as dangerous (82),3 (82),3 (82),1 (82),1 (82),0 (82),– (82),– (82),1 (82),“belong to the mental home” (82),2 (82),2 (82),0 (82),– (82),1 (82),Reinforced belief that some cast members are psychologically unfit for the show (82),1 (82),Calls for producers to remove specific women from the show (82),0 [82],– (82),1 (82),Advocates removing unstable/violent cast members (82),0 (82),– (82),0 (82),,,,,,,,,
1.81E+18,83,"Charles was weirded out that his wife has a wife called Xenah , now he is mentoring her kids and being the father figure? 😭 #rhonairobi https://t.co/3bpxmJF1Nc","Gender Norms, Respectability, and Womanhood (83)",Neutral (83),The emotion expressed in this comment is surprise and confusion. (83),Incredulous / Mocking (83),1 (83),RHONairobi unconventional relationship storyline (83),2 (83),– (83),– (83),1 (83),"4,6 (83)",Non-traditional family structures (83),4 (83),4 (83),2 (83),3 (83),0 (83),– (83),– (83),0 (83),– (83),6 (83),6 (83),1 (83),Learned about an unconventional relationship dynamic involving Charles and Xenah (83),1 (83),Reinforced belief that unconventional family dynamics are normalized for drama (83),0 (83),– (83),1 [83],Shares information about an unconventional family/relationship dynamic (83),0 (83),– (83),0 (83),– (83),0 (83),,,,,,,,,
1.81E+18,84,"I’m not sure I appreciate how Dr. C riles up these women, takes them to the bottomest ghetto and then pats herself on the back for all the chaos she’s caused. She enjoys it. They need to stop giving it to her 😬#RHONairobi","Production, Casting, and Franchise Critique (84)",Negative (84),The emotion expressed in this comment is disapproval and skepticism. (84),Critical / Disapproving (84),1 (84),RHONairobi provocation dynamics (Dr C) (84),4 (84),– (84),Manipulative provocation for chaos (84),1 (84),3 (84),Manipulation and chaos as feminine strategy (84),3 (84),3 (84),2 (84),0 (84),0 (84),– (84),– (84),0 (84),– (84),6 (84),6 (84),0 (84),– (84),1 (84),Reinforced belief that provocation is rewarded rather than discouraged (84),0 (84),– (84),0 [84],– (84),1 (84),Advocates reducing platforming of provocation-driven behavior (84),0 (84),– (84),0 (84),,,,,,,,,
1.81E+18,85,"Farah seems to respect Dr C like the Queen she's as she stood to greet her but she didn't stand to greet the other women.
#RHONairobi","Positive Identification, Praise, and Aspiration (85)",Positive (85),The emotion expressed in this comment is respect and admiration. (85),Respectful / Admirative (85),1 (85),"RHONairobi respect hierarchy (Farah, Dr C) (85)",1 (85),Respectful gestures and hierarchy acknowledgment (85),– (85),1 (85),4 (85),Hierarchies of respect among women (85),2 (85),2 (85),2 (85),0 (85),0 (85),– (85),– (85),0 (85),– (85),9 (85),9 (85),0 (85),– (85),1 (85),Reinforced belief that hierarchy and respect rituals shape interactions (85),0 (85),– (85),0 [85],– (85),0 (85),– (85),0 (85),– (85),0 (85),,,,,,,,,
1.81E+18,86,"Next season brings classy women pr better yet bring back Sonel, Susan and Lisa Gosh😂😂😂 housewives please HOUSE FUCKEN WIVES not street fighters and baby soldiers! JEEEEZZZZ! #RHONairobi","Production, Casting, and Franchise Critique (86)",Negative (86),The emotion expressed in this comment is frustration and fatigue. (86),Exasperated / Demanding (86),1 (86),RHONairobi casting wishlist (86),3 (86),– (86),Street-fighter behavior instead of housewives (86),1 (86),3 (86),Longing for traditional “housewife” femininity (86),3 (86),3 (86),1 (86),1 (86),0 (86),– (86),– (86),1 (86),“street fighters and baby soldiers” (86),1 (86),1 (86),0 (86),– (86),1 (86),Reinforced belief that viewers want a return to earlier cast standards (86),1 (86),Calls for recasting and return to earlier seasons’ standards (86),0 [86],– (86),1 (86),Advocates recasting with more “classy” housewives (86),0 (86),– (86),0 (86),,,,,,,,,
1.81E+18,87,"@oloriilaalaa God bless you,it’s how they are all hyping that woman’s vileness,she doesn’t support anybody,she doesn’t stick to dress code but wails when people don’t come out for her,very disgusting woman.I don’t even care for any of the women because they all get for body too #RHONairobi","Morality, Hypocrisy, and Authenticity (87)",Negative (87),The emotion expressed in this comment is disgust and condemnation. (87),Cynical / Condemning (87),1 (87),RHONairobi moral hypocrisy critique (87),3 (87),– (87),Moral hypocrisy and constant vileness (87),1 (87),4 (87),Moral inconsistency and female hypocrisy (87),3 (87),3 (87),2 (87),1 (87),0 (87),– (87),– (87),1 (87),“very disgusting woman” (87),3 (87),3 (87),0 (87),– (87),1 (87),Reinforced belief that performative feminism lacks substance (87),0 (87),– (87),0 [87],– (87),0 (87),– (87),0 (87),– (87),0 (87),,,,,,,,,
1.81E+18,88,"Dr C, gossiping and hammering on this women getting them pissed and play pretense settlement only to stir up shit isn’t a show, proud of my #RHOL ladies cause they know how to show up and how to spice up, bringing a coffin to a restaurant what in the heck of tackiness #RHONairobi","Production, Casting, and Franchise Critique (88)",Negative (88),The emotion expressed in this comment is disgust and frustration. (88),Comparative / Critical (88),1 (88),RHONairobi production vs RHOL comparison (88),3 (88),– (88),Tackiness and extreme stunts (88),1 (88),3 (88),Tackiness vs elegance in feminine performance (88),3 (88),3 (88),2 (88),1 (88),0 (88),– (88),– (88),1 (88),“tackiness” (88),1 (88),1 (88),0 (88),– (88),1 (88),Reinforced belief that gossip is framed as entertainment (88),0 (88),– (88),0 [88],– (88),1 (88),"Advocates rejecting tasteless, excessive provocation (88)",0 (88),– (88),0 (88),,,,,,,,,
1.81E+18,89,why is minne’s husband getting soo much screen time. he’s cute &amp; all but enough now #RHONairobi https://t.co/kT5VVIC04c,"Gender Norms, Respectability, and Womanhood (89)",Neutral (89),The emotion expressed in this comment is annoyance and irritation. (89),Annoyed / Observational (89),1 (89),RHONairobi husband screen time (89),3 (89),– (89),Overexposure of husbands (89),1 (89),8 (89),Visibility of husbands vs women’s autonomy (89),2 (89),2 (89),2 (89),3 (89),0 (89),– (89),– (89),0 (89),– (89),6 (89),6 (89),0 (89),– (89),1 (89),Reinforced belief that male partners are over-featured (89),0 (89),– (89),1 [89],Shares link complaining about a husband’s screen time (89),0 (89),– (89),0 (89),– (89),0 (89),,,,,,,,,
1.81E+18,90,Minnie is a bully let me say Meaniii she’s mean and insecure . Body shames other women as well she cute but that behaviour is nasty and rotten #RHONairobi,"Gender Norms, Respectability, and Womanhood (90)",Negative (90),The emotion expressed in this comment is anger and disgust. (90),Condemning / Judgmental (90),1 (90),RHONairobi bullying behavior (90),3 (90),– (90),"Bullying, insecurity, and body shaming (90)",1 (90),4 (90),Insecurity and internalized misogyny (90),3 (90),3 (90),2 (90),1 (90),0 (90),– (90),– (90),1 (90),“bully… nasty and rotten” (90),2 (90),2 (90),0 (90),– (90),1 (90),Reinforced belief that body-shaming is persistent (90),0 (90),– (90),0 [90],– (90),0 (90),– (90),0 (90),– (90),0 (90),,,,,,,,,
1.81E+18,91,Y’all need to give Dr. C a chair to rest because as much as she has her theatrics girl is carrying the show on her back!!!! Cut her a big fat cheque #RHONairobi https://t.co/GJkLA0L6aN,"Positive Identification, Praise, and Aspiration (91)",Positive (91),The emotion expressed in this comment is pride and admiration. (91),Celebratory / Supportive (91),1 (91),RHONairobi cast praise (Dr C) (91),1 (91),Dr C’s contribution and entertainment labor (91),– (91),1 (91),6 (91),Recognition of emotional labor in drama creation (91),1 (91),1 (91),1 (91),0 (91),0 (91),– (91),– (91),0 (91),– (91),9 (91),9 (91),0 (91),– (91),1 (91),Reinforced belief that spectacle outweighs collective contribution (91),0 (91),– (91),1 [91],Shares link praising Dr. C’s role in the show (91),1 (91),Advocates compensating and rewarding Dr. C for carrying the show (91),0 (91),– (91),0 (91),,,,,,,,,
1.81E+18,92,"All these other women should be as open as Dr C when it comes to what they do for a living 
#RHONairobi","Gender Norms, Respectability, and Womanhood (92)",Neutral (92),The emotion expressed in this comment is approval and encouragement. (92),Normative / Prescriptive (92),1 (92),RHONairobi transparency norms (92),2 (92),– (92),– (92),1 (92),2 (92),Transparency around women’s work and income (92),2 (92),2 (92),2 (92),3 (92),0 (92),– (92),– (92),0 (92),– (92),10 (92),10 (92),0 (92),– (92),1 (92),Reinforced belief that transparency is unevenly demanded (92),0 (92),– (92),0 [92],– (92),0 (92),– (92),0 (92),– (92),0 (92),,,,,,,,,
1.81E+18,93,"I'm sorry but, Only Dr C and Ferra are worth watching.

The rest of these girls are tired and washed up!!

Charles is more of a housewife than Minne

#RHONairobi","Production, Casting, and Franchise Critique (93)",Negative (93),The emotion expressed in this comment is disappointment and dismissal. (93),Dismissive / Derogatory (93),1 (93),RHONairobi cast evaluation (93),3 (93),– (93),Weak cast members and lack of substance (93),1 (93),"4,8 (93)",Male domestic role reversal (93),3 (93),3 (93),2 (93),1 (93),0 (93),– (93),– (93),1 (93),“tired and washed up” (93),1 (93),1 (93),0 (93),– (93),1 (93),Reinforced belief that few cast members are genuinely compelling (93),0 (93),– (93),0 [93],– (93),0 (93),– (93),0 (93),– (93),0 (93),,,,,,,,,
1.81E+18,94,"I am tired, reality TV shows are becoming unbearable now. Every week we must watch grown women fight? They keep hosting parties and events but you already know they won't have fun but only fight. 
#RHONairobi","Production, Casting, and Franchise Critique (94)",Negative (94),The emotion expressed in this comment is exhaustion and frustration. (94),Weary / Frustrated (94),1 (94),RHONairobi repetitive conflict critique (94),3 (94),– (94),Repetitive fighting making reality TV unbearable (94),1 (94),3 (94),Viewer exhaustion with violent femininity (94),3 (94),3 (94),1 (94),0 (94),0 (94),– (94),– (94),0 (94),– (94),4 (94),4 (94),0 (94),– (94),1 (94),Reinforced belief that conflict fatigue affects audience enjoyment (94),0 (94),– (94),0 [94],– (94),0 (94),– (94),0 (94),– (94),0 (94),,,,,,,,,
1.81E+18,95,"@MPireBliss I told my sister the exact same thing..Zenah/Xenah is on something with Charles. Imma tell y'all right now a woman who has been a side chick/side baby mama/2nd wife claiming your husband as ""our husband"" is a huge problem and needs taking out immediately #RHONairobi #RHON https://t.co/6ZuGjfLd3g","Gender Norms, Respectability, and Womanhood (95)",Negative (95),The emotion expressed in this comment is suspicion and jealousy. (95),Accusatory / Alarmist (95),1 (95),RHONairobi infidelity insinuation (95),3 (95),– (95),Infidelity insinuations and boundary violations (95),1 (95),"4,8 (95)",Side-chick stigma and marital boundaries (95),3 (95),3 (95),2 (95),1 (95),0 (95),– (95),– (95),1 (95),“needs taking out immediately” (95),2 (95),2 (95),0 (95),– (95),1 (95),Reinforced belief that sexual rivalry narratives undermine women’s solidarity (95),1 (95),Calls for intervention to stop inappropriate relationships or behavior (95),1 [95],Shares speculation about an inappropriate relationship (95),1 (95),Advocates confronting and removing perceived relationship threats (95),0 (95),– (95),0 (95),,,,,,,,,
1.81E+18,96,"Not me looking for Zenah on instagram and leaving a nasty comment 😂😂 she really pissed me off. Tomorrow im fetching Minne im tired, someone needs to step in and check these girls!
#RHONairobi https://t.co/8OEzuC1apQ","Interpersonal Conflict, Bullying, and Aggression (96)",Negative (96),The emotion expressed in this comment is anger and agitation. (96),Confessional / Aggressive (96),1 (96),RHONairobi fan harassment behavior (96),3 (96),– (96),Fan harassment and online bullying escalation (96),1 (96),4 (96),Online harassment and fan aggression (96),3 (96),3 (96),2 (96),1 (96),0 (96),– (96),– (96),1 (96),“leaving a nasty comment” (96),2 (96),2 (96),0 (96),– (96),1 (96),Reinforced belief that audience harassment mirrors on-screen toxicity (96),0 (96),– (96),1 [96],Shares personal action of posting a comment online (96),1 (96),Advocates intervention to stop bullying behavior (96),0 (96),– (96),0 (96),,,,,,,,,
1.81E+18,97,At this stage Rajah is a nonsense person how could she attack Dr.C with her husband? That was very low of her and a proof that she's so unstable. 100%  mental case with her negative energy. She's a waste. #RhoNairobi #RhoNairobi,"Interpersonal Conflict, Bullying, and Aggression (97)",Negative (97),The emotion expressed in this comment is anger and condemnation. (97),Hostile / Degrading (97),1 (97),RHONairobi physical attack incident (97),3 (97),– (97),Physical attack and mental instability portrayal (97),1 (97),7 (97),Mental instability as gendered insult (97),3 (97),3 (97),2 (97),1 (97),0 (97),– (97),– (97),1 (97),“mental case… she’s a waste” (97),3 (97),3 (97),0 (97),– (97),1 (97),Reinforced belief that instability is treated as entertainment value (97),0 (97),– (97),0 [97],– (97),0 (97),– (97),0 (97),– (97),0 (97),,,,,,,,,
1.81E+18,98,"Housewives thinking being late to events is cute is actually not. 
Really you can't be that vain to think your looks are so important, you can't honor time. People make provision for your presence and you won't even eat or immense yourself in the event. 
#RHONairobi","Gender Norms, Respectability, and Womanhood (98)",Negative (98),The emotion expressed in this comment is disapproval and moral judgment. (98),Lecturing / Moralizing (98),1 (98),RHONairobi lateness norm critique (98),3 (98),– (98),Disrespect for time and event etiquette (98),1 (98),3 (98),Time discipline as feminine virtue (98),3 (98),3 (98),1 (98),0 (98),0 (98),– (98),– (98),0 (98),– (98),6 (98),6 (98),0 (98),– (98),1 (98),Reinforced belief that vanity overrides social responsibility (98),0 (98),– (98),0 [98],– (98),0 (98),– (98),0 (98),– (98),0 (98),,,,,,,,,
1.81E+18,99,"I love the relationship Minnie and her husband Charles have you can tell they are each other's best friend. That man loves his wife. 😍😍😍
#RHONairobi","Positive Identification, Praise, and Aspiration (99)",Positive (99),The emotion expressed in this comment is affection and happiness. (99),Affectionate / Warm (99),1 (99),RHONairobi marriage portrayal (99),1 (99),Healthy marriage and mutual affection (99),– (99),1 (99),"1,4 (99)",Romantic partnership as idealized gender norm (99),1 (99),1 (99),2 (99),0 (99),0 (99),– (99),– (99),0 (99),– (99),9 (99),9 (99),0 (99),– (99),1 (99),Reinforced belief that supportive marriages are rare and noteworthy (99),0 (99),– (99),0 [99],– (99),0 (99),– (99),0 (99),– (99),0 (99),,,,,,,,,
1.81E+18,100,"So all these grown women a forming a group to bully another woman. Farah has been nothing but nice to these ladies and they return the gestures by showing her their ass. They are all disgusting.
#RHONairobi","Interpersonal Conflict, Bullying, and Aggression (100)",Negative (100),The emotion expressed in this comment is anger and disgust. (100),Outraged / Condemning (100),1 (100),RHONairobi bullying storyline (100),3 (100),– (100),Group bullying and cruelty toward Farah (100),1 (100),4 (100),Female bullying and social cruelty (100),3 (100),3 (100),1 (100),0 (100),0 (100),– (100),– (100),1 (100),“bully another woman… disgusting” (100),3 (100),3 (100),0 (100),– (100),1 (100),Reinforced belief that group bullying is normalized behavior (100),0 (100),– (100),0 [100],– (100),0 (100),– (100),0 (100),– (100),0 (100),,,,,,,,,
1.81E+18,101,Production needs to cut Charles a cheque.#RHONairobi,"Production, Casting, and Franchise Critique (101)",Neutral (101),The emotion expressed in this comment is neutrality and observation. (101),Matter-of-fact / Supportive (101),1 (101),RHONairobi production labor (101),2 (101),– (101),– (101),0 (101),8 (101),Male labor supporting female visibility (101),2 (101),2 (101),3 (101),3 (101),0 (101),– (101),– (101),0 (101),– (101),9 (101),9 (101),0 (101),– (101),1 (101),Reinforced belief that male labor is undervalued in production narratives (101),1 (101),Calls for production to financially compensate a cast member (101),0 [101],– (101),1 (101),Advocates compensating Charles for his contribution/screen time (101),0 (101),– (101),0 (101),,,,,,,,,
1.81E+18,102,"Leaving the baby with Farah was so cute

#RHONairobi","Gender Norms, Respectability, and Womanhood (102)",Positive (102),The emotion expressed in this comment is affection and warmth. (102),Affectionate / Gentle (102),1 (102),RHONairobi caregiving moment (102),1 (102),Caregiving and tenderness involving Farah (102),– (102),1 (102),1 (102),Motherhood and trust (102),1 (102),1 (102),2 (102),0 (102),0 (102),– (102),– (102),0 (102),– (102),8 (102),8 (102),0 (102),– (102),0 (102),– (102),0 (102),– (102),0 [102],– (102),0 (102),– (102),0 (102),– (102),0 (102),,,,,,,,,
1.81E+18,103,"What’s this switch up from Dr. C towards Farah? I’ll actually appreciate it if my friend took me to a Gin making class because I’m launching a Gin line. 

Are these women okay? 

#RHONairobi","Gender Norms, Respectability, and Womanhood (103)",Neutral (103),The emotion expressed in this comment is confusion and concern. (103),Confused / Concerned (103),1 (103),RHONairobi friendship shift (103),2 (103),– (103),– (103),1 (103),3 (103),Friendship expectations among women (103),2 (103),2 (103),2 (103),0 (103),0 (103),– (103),– (103),0 (103),– (103),6 (103),6 (103),0 (103),– (103),1 (103),Reinforced belief that women’s professional ambitions are trivialized (103),0 (103),– (103),0 [103],– (103),0 (103),– (103),0 (103),– (103),0 (103),,,,,,,,,