Comment ID,Comment Text,Does the comment mention specific media content? 0 = No 1 = Yes,- If Y: what content?,- If Y: what is the general attitude toward this media content? 1=Positive/2=Neutral/3=Negative/4=Mixed/5=Unclear,"- - If positive, what does the author like about this content? ","- - If negative, what does the author dislike about this content? ",Does the comment mention gender or gender roles? 0 = No 1 = Yes,- If Y: How would you characterize the gender roles? 1= Women do domestic/care work; 2=Women have limited economic freedom; 3= Women have limited leadership; 4=Women are in subservient roles; 5=Women do not discuss sex or reproductive health; 5=Men are sexual aggressors; 6=Men are leaders; 7=Men are violent; 8=Men are primary breadwinners,- If Y: name any other gender themes and topics addressed in the comment: ,- If Y: What is the general attitude expressed toward discussed gender norms? 1=Positive/2=Neutral/3=Negative/4=Mixed/5=Unclear ,- If Y: What is the general attitude expressed toward women? 1=Positive/2=Neutral/3=Negative/4=Mixed/5=Unclear  ,"- If Y: Does the comment use collective framing (“we,” “our society,” “everyone knows”) or individual framing (“I,” “my experience”) in discussing gender/gender roles? 1 = Collective, 2 = Individual, 3 = Can't tell/Does not apply","- If Y: Does the comment contest or reproduce cultural stereotypes around gender? 0 = Contest, 1 = Reproduce, 3 = Unclear/Neither","Does the comment mention race, ethnicity, nationality, language, or caste in relation to the media content ? 0 = No 1 = Yes","- If Y,  which? _____","- If Y: What is the general attitude expressed toward this race, ethnicity, nationality, or language? 1=Positive/2=Neutral/3=Negative/4=Mixed/5=Unclear  ",Does the comment include any sexist or derogatory language?,"- If Y,  provide a quote","What emotions does the comment generally contain? 1=Contempt, 2=Anger,  3=Disgust, 4=Sadness, 5=Shame, 6=Embarrassment, 7=Guilt, 8=Compassion, 9=Pride, 10=No emotion","What emotions does the author express toward the media content? 1=Contempt, 2=Anger,  3=Disgust, 4=Sadness, 5=Shame, 6=Embarrassment, 7=Guilt, 8=Compassion, 9=Pride, 10=No emotion",Does the comment indicate that the author acquired new knowledge or information by watching?  0 = No 1 = Yes,- If Y: what did they learn?,Did the comment indicate that the author had existing knowledge reinforced by watching? 0 = No 1 = Yes,- If Y: what knowledge or information was reinforced?,Are there any calls to action in the comment (telling readers to do something)?  0 = No 1 = Yes,"- If Y, what is it calling readers to do?","Does the author share any information in the comment (e.g., share a fact, a link)? 0 = No 1 = Yes","- If Y, what information is shared?","Does the author advocate for anything in the comment (e.g., support a cause)? 0 = No 1 = Yes","- If Y, what do they advocate for?","Does the author correct any information in the comment (e.g., say that something is incorrect)? 0 = No 1 = Yes","- If Y, what do they correct?","Does the comment's author identify themselves in any way (name their gender, profession, location, etc)?  0 = No 1 = Yes","- If Y,  is profession mentioned?  0 = No 1 = Yes","- - If Y, what is the profession?","- If Y, is location mentioned?  0 = No 1 = Yes","- - If Y, what is the location?","- If Y, is race/ethnicity mentioned?  0 = No 1 = Yes","- - If Y, what is the location?","- If Y, is gender mentioned?  0 = No 1 = Yes","- - If Y, what gender?        1=Female, 2=Male, 3=Non-binary                                                                                                                                                                                                ",Notes
131488763,"Giel, I heard that your very fat, very ugly, very shameless ashawo chinwe bleeped her gigolo in the restroom. Kindly confirm or deny.",0,,,,,1,2,Slut shaming,3,3,2,1,0,,,1,""" I heard that your very fat, very ugly, very shameless ashawo""","1,3,5",10,1,"That Chinwe allegedly ""bleeped her gigolo in the restroom. """,1,Fat shaming & Slut Shaming,0,,0,,1,For Chinwe to Confirm if her alleged actions are true,0,,0,,,,,,,,,
131904228,"By the time this cheating husband wins this money, the wife go dey pray and fast everyday to see her husband cos na 3 girls per night he go dey carry go hotel. Kassia brace up for what's about to hit you. The lord is your muscle!! Well that been said... Kellyrae and Handi ship will make sense 😂 https://x.com/antepalo/status/1832544271586447530?t=8t60aNEx7Rikshcv_QTJ8A&s=19",1,"A link to an X Post about a ""cheating husband""",2,,,1,8,Infidelity by husband & wifes emotional burden,3,2,2,1,0,,,0,,10,10,0,,0,,0,,1,An X link about the cheating husband scenario,0,,0,,0,,,,,,,,,
131618444,"Wetin married woman dy find for another man nipple, that's enough disrespect on her husband na. Same house where dem dy which kind rough play be that. But immediately she see djflo with husband she'll quickly come to take her away, she can play but her husband can't play. Nansense",0,,,,,1,4,"Marital respect, sexual boundaries, double standards between husbands and wives",2,3,2,1,0,,,1,"""Nansense""",2,1,0,,0,,0,,0,,0,,0,,0,,,,,,,,,
131924550,Wats wrong with a wife asking her husband if getting married b4 coming to a show might be regretable due to the fact it might hindered him from exploring a lot of opportunities and exposures after d show...? This question might not make sense to you but its a normal question women who want their husband to themselves alone ask....But agenda must agend,1,Mention of BBN Season 9,2,,,1,2,Marriage espectations & Public judgement,4,2,1,1,0,,,0,,1,10,0,,0,,0,,0,,1,Defense of wife questioning her husband about marriage ,0,,0,,,,,,,,,
132215902,"If you are that strong, you should be able to take your two faves to the finale and also crown a winner. All the best Kassia, you deserve the win better than your husband.",,,,,,,,,,,,,,,,,,,,,,,,,,,,,,,,,,,,,,,,,
131309825,"Beureefuulll woman. Her husband took a huge risk bringing her on the show,he geh luck say people like Kidd or Cross no dey this season he for dey sweat steadily the way those ones go the flirt with his wife. Last last na him go later shout,we b husband and wife o 😁",,,,,,,,,,,,,,,,,,,,,,,,,,,,,,,,,,,,,,,,,
131471475,Some fans said this is the first time a husband and wife are on big brother so they deserve the money. Other fans say the husband is competitive so they should win. Then most fans just stan them for no reason at all,,,,,,,,,,,,,,,,,,,,,,,,,,,,,,,,,,,,,,,,,
131575233,"Calling Wanni and Handi Ashawo will forever be funny to me, point to one lady in that house that is not Ashawo aside married Kassia(we don’t even know her pre-marriage ways). The twins own it and they are unapologetic about it, ke deal wirrit.. Runs girls will be calling street girl Ashawo, same joe minor difference.",,,,,,,,,,,,,,,,,,,,,,,,,,,,,,,,,,,,,,,,,
131909365,"What’s there if she likes married men or men in a relationship? How many men treat their wives better than the side chicks? I love me those baddies Housewife Dey house Dey chop shege, side chick Dey outside Dey chop premium life for doing basically nothing than fûck the man😁.",,,,,,,,,,,,,,,,,,,,,,,,,,,,,,,,,,,,,,,,,
131574837,"Awwwn I like men o See how calmly Kelly and tjay are sorting their issues If na my gender now , na repetitive words, ‘ bitch’. Them go Dey use to bring the roof down",,,,,,,,,,,,,,,,,,,,,,,,,,,,,,,,,,,,,,,,,
132147457,"He is not even a good scammer! He cooks and serves the wife and neighbor Vicky...the whole country go like....""awwwwwww"" ..our husband is husbanding Make he show face for all star first 😁",,,,,,,,,,,,,,,,,,,,,,,,,,,,,,,,,,,,,,,,,
131538059,"I swear. Boring couple with no storyline. If toby had left when they were in bottom 4, they wouldn't even have anything to talk about since husband and wife don't even talk to each other.",,,,,,,,,,,,,,,,,,,,,,,,,,,,,,,,,,,,,,,,,
131315390,"Toby is telling someone's wife that if he discovers that her husband is the one, he'll never talk to them anymore. He thinks Double K hug and talk to each other like a couple.",,,,,,,,,,,,,,,,,,,,,,,,,,,,,,,,,,,,,,,,,
131605268,"Chekas are weak as a snail 🐌 Nelly won't do shiii... because again, she isn't as strong fighting the twin alone. Ben would be a better option I suppose",,,,,,,,,,,,,,,,,,,,,,,,,,,,,,,,,,,,,,,,,
132135922,"This one no follow madam Eliza, enter house. His woman's fight as if she's just an ordinary woman to him. We still have responsible men who takes their wife's battle as theirs.",,,,,,,,,,,,,,,,,,,,,,,,,,,,,,,,,,,,,,,,,
131823295,Kelly rae Like husband like wife Kassia massaged the tire Kelly rae is giving it cpr abi finishing the massage. What a couple.,,,,,,,,,,,,,,,,,,,,,,,,,,,,,,,,,,,,,,,,,
131928600,Wasn't Kassia just gistung with her husband and Topher just a few minutes before nominations? She still get mind nominate him. Even her husband had to shake his head,,,,,,,,,,,,,,,,,,,,,,,,,,,,,,,,,,,,,,,,,
131988126,All of them are boring ... especially those 40years old men Ozee n his bro forming peace-maker and senior men Ebuka should evict 6 people this Sunday.,,,,,,,,,,,,,,,,,,,,,,,,,,,,,,,,,,,,,,,,,
131574917,i wan make dem evict that stupid ashewo's twins dey too like gossip Anyways rhutiee did a good job by insulting does olosho's wey no get pride,,,,,,,,,,,,,,,,,,,,,,,,,,,,,,,,,,,,,,,,,
132137021,To me is a mistake ooo ... This move will give another strong fan base a chance... Why not take her there let her occupy space and reduce the number of competitors while you all focus on her husband for the win,,,,,,,,,,,,,,,,,,,,,,,,,,,,,,,,,,,,,,,,,
131538306,This season of BBNaija really brought a lot of never seen befores. 1st time having Husband and Wife in the house 1st time having twins in the house. Now 1st time having a pregnant woman in the house.,,,,,,,,,,,,,,,,,,,,,,,,,,,,,,,,,,,,,,,,,
131604000,"Of all the men in that house, it's Kellyrae that's really a husband material. He's really matured and full of wisdom. The rest are just for errands. Never seen Shaun in an intelligent conversation, it's so so sex talk with his village people chosen forbidden wife Wanni",,,,,,,,,,,,,,,,,,,,,,,,,,,,,,,,,,,,,,,,,
132083927,This is why Phyna still beat Wanni any time Phyna was still ready to check and unleash on anyone without looking at groovy's face but this wanni turned mumu submissive wife that will need Oloriburuku shunts permission to confront anyone lol,,,,,,,,,,,,,,,,,,,,,,,,,,,,,,,,,,,,,,,,,
131527569,Pool party and some of these men are wearing and ironing shirts Sigh Not even some Majority I've never seen where men are more conservative than women.,,,,,,,,,,,,,,,,,,,,,,,,,,,,,,,,,,,,,,,,,
131456642,"Chinwe is a fat, ugly mad woman. She say ebuka don destroy her relationship. Ebuka abi your big mouth and fat lips did?",,,,,,,,,,,,,,,,,,,,,,,,,,,,,,,,,,,,,,,,,
131527063,"Next team is Twingirls, Nelita and Zinne. Zion is the husband to two women. They are to cook for his friends from Amelica so one wife  called Nelly the chef to help her out.",,,,,,,,,,,,,,,,,,,,,,,,,,,,,,,,,,,,,,,,,
131196947,"I don't know al the pairs but from the few I got, wandi and Hani are from Kaduna. The married couple are from Delta- husband is Itsekiri and wife is Isoko. I can't say anything about the rest",,,,,,,,,,,,,,,,,,,,,,,,,,,,,,,,,,,,,,,,,
131315618,Mbadiwe twin dey show the boys how things are done. Senior men will always be senior men. The rizz has been marinated for many years.,,,,,,,,,,,,,,,,,,,,,,,,,,,,,,,,,,,,,,,,,
132077675,"One thing I like about Big Brother is how most of the men fear to lose guard on live TV. As such, they give female housemates a bit of space. The thing ends up frustrating the females to the extent that they make physical moves to catch the men. On a club night, would the average Nigerian man allow Kassia dance alone? Them no born horn.y men well. They will close-in even with the knowledge that she’s married. At least six men for don approach in forty minutes. WannixHandi should wear bras, abeg. Those things don’t look appealing.",,,,,,,,,,,,,,,,,,,,,,,,,,,,,,,,,,,,,,,,,
132136595,"Leave Kassia ooooo don't vote for her, she no Sabi manage money that's why she has told you all from the beginning to concentrate more on her husband. Just vote any weak housemate and strictly Kellyrae in the finals",,,,,,,,,,,,,,,,,,,,,,,,,,,,,,,,,,,,,,,,,
131315822,It’s not societal anything. She’s 100 percent loyal to her husband.  I have seen her run to her husband twice to ask him if he’s angry that she’s talking to Tobi and that it looks like he’s angry. She was so scared. Doesn’t that tell you something?,,,,,,,,,,,,,,,,,,,,,,,,,,,,,,,,,,,,,,,,,
132036660,I don't blame kassia for not nominating Onyeka 😁 The kind of problems she carried trying to come for Onyeka was too much for her to bear She tried support the snake Victoria's fight for man. Only to get Disgrace on Sunday because she couldn't stand on her words. Lied she doesn't have a strategy and had to deal with Ebuka's implied threats to expose her marriage Now strike on Monday Make she give Onyeka space make she sef rest. Her husband that is nominating Onyeka on behalf of his wife. Hope he knows his wife is at fault?? 😁 The whole fight happened because his wife couldn't mind her business and focus on her lies about her marriage Busy analyzing strategy of others meanwhile na you dey lie pass. I thought the house was celebrating that Onyeka lost. Why is kassia's husband now pained over a fight his wife won 😁,,,,,,,,,,,,,,,,,,,,,,,,,,,,,,,,,,,,,,,,,
132211178,"Omooo just seeing the video where dami pushed Wanni like 3 times and the bitch couldn’t cough 😮 🤣🤣🤣 Omooo ekuke wanni, only pupupu you know Ode",,,,,,,,,,,,,,,,,,,,,,,,,,,,,,,,,,,,,,,,,
131492196,"u can't wish away your very fat, very ugly, very old, very shameless ashawo kobo kobo, animalistic bastard chinwe restroom fucking her toyboy, gigolo zion that she paid flight ticket for to come and Bleep her with eyes closed and tied in the house. In broad daylight! Just advice her to go and model for xvideos or pornhub, if she go even see customer there. I just need you to confirm, deny or twist the allegation. A reminder, check bbnaija's website and this",,,,,,,,,,,,,,,,,,,,,,,,,,,,,,,,,,,,,,,,,
131350433,"Married people have a bad rep on this show so it's refreshing to see them together in the house, and there's never been husband and wife in the house together before, so people love them, especially married fans",,,,,,,,,,,,,,,,,,,,,,,,,,,,,,,,,,,,,,,,,
131687742,See mumu Fairme! I learnt Ebuka gave him avenue to call out Mbadiwes and he was blabbing Very weak guy!! I am happy they left beta which gives Radicals hope of survival if they can sit up!!,,,,,,,,,,,,,,,,,,,,,,,,,,,,,,,,,,,,,,,,,
131246653,"Double Kay have bonded with The husband. Zinwe, dj flo. Radicals Kassia. Handi and wanni, dj flo. Radicals The husband doesn't like aces. Feels the energy between them is off.",,,,,,,,,,,,,,,,,,,,,,,,,,,,,,,,,,,,,,,,,
131490609,Fairme Cancelled!! I hate men that allow fellow men mess them up 😠 This is the same reason I cancelled dotun when he allowed useless shegu use him shine nonsense!!,,,,,,,,,,,,,,,,,,,,,,,,,,,,,,,,,,,,,,,,,
131700300,"Nawa o So Efe is Lightskin? Miracle Lightskin? Laycon Lightskin Even Mercy can't be categorize as light skin (if not for bleaching cream) Even Phyna is not light skin like that Illebaye too na lightskin? The only person wey look light skin wey win the show na WM, Upon that sef dat one too bleach. So abegggiiiii,dis one wey u talk no follow",,,,,,,,,,,,,,,,,,,,,,,,,,,,,,,,,,,,,,,,,
131616973,Kelly Rae was very right yesterday when the wife was telling him about not touching the guy's nipple and he said he believes she did not but as a wife she should avoid plays that will bring her name into some kind of statements because people may spin and add jara. Just look at small touch someone came here and twisted it to suck and if not corrected people will run with narrative that married woman dey suck man nipple for TV. Even Kellyrae that will always tell his wife to draw lines when playing with men in the house.,,,,,,,,,,,,,,,,,,,,,,,,,,,,,,,,,,,,,,,,,
131922837,"If you can date more than 50 men and still end up with ur abusive husband, then why must Solly ship lead to marriage... If it was dat easy, u would have married the first man that fingered and disvirgined you.. This Nhazeru sef..",,,,,,,,,,,,,,,,,,,,,,,,,,,,,,,,,,,,,,,,,
132218499,"As par... Does he owe her that? What about him missing his wife? Who tends to him? Unless his wife told him to do so for her (Kassia), then I believe he should set boundaries. You don't expect him to continue to cater to Victoria, now that Kassia is no longer there, do you?",,,,,,,,,,,,,,,,,,,,,,,,,,,,,,,,,,,,,,,,,
131612908,Wahala dey this night ohh😂😂 Abeg wetin dey cause husband and wife argument dis night? Which man nipple way kassie press way Kelly dey vex?,,,,,,,,,,,,,,,,,,,,,,,,,,,,,,,,,,,,,,,,,
131435012,"Anyway, Onyeka's latest problem is another testament that there is no such thing as a ""Guy's girl"" Walahi, if you set yourself up to be doing jamtalk with men, dem go jam you enter gutter. Especially younger men. Don't try to be overly liberal and lewd when you're talking to guys as a lady, because once you hit that level of see finish, your finish will never be unseen. Na that ""You know Onyeka is frustrated now"" from Sooj shock me pass. If you talk anyhow with men, they will talk anyhow about you. Always maintain composure, you're a lady first.",,,,,,,,,,,,,,,,,,,,,,,,,,,,,,,,,,,,,,,,,
132241411,"Kelly is that man your dad will initially refuse to accept him as his son in-law but later grow to love him so much because of his total composure and let's be truthful, isn't he such a lovely partner to Kassia? Kelly is the real alpha male of the house, despite his caring habits he still has Kassia under his control, he knows when to spoil her and when to scold her and pamper her after the scolding. He doesn't get into people's business unnecessarily, he's sooo composed and loving. If you don't love Kellyrae then you are definitely facing Village people's problem. Vote a man who treats his wife well, let's encourage good men by voting Kelly.",,,,,,,,,,,,,,,,,,,,,,,,,,,,,,,,,,,,,,,,,
132034148,"I don’t even like either of the two but Kassia sure deserves the win, it will be unfair to her if it’s given to her husband just because he is the “head of the house”, Head of house that can change it for the wife once money comes in. The money should be given to the most deserving. Wanni or Handi for the win though.",,,,,,,,,,,,,,,,,,,,,,,,,,,,,,,,,,,,,,,,,
132319059,"I can recall the married woman that said she usually wakes up by 4:am to cook for her husband and mumu Nigerians made her a millionaire. That was at the begining of the year, I think. Kelly knew gullible Nigerians were going to support him if he brought the marriage strategy into the big brother's house, and it worked.",,,,,,,,,,,,,,,,,,,,,,,,,,,,,,,,,,,,,,,,,
131404187,See doublekay that are even married. And tobi dey there dey mumu himself. Kellyrae can even give a brain-resetting sound slap and both pairs will be disqualified. And kelly carry him wife go back home. It's this whinchat baby baby. When u even research very well u will find out that chinwe and zion are not even dating.,,,,,,,,,,,,,,,,,,,,,,,,,,,,,,,,,,,,,,,,,
131643074,"Very fat, very ugly, very uncouth, very promiscuous, evil, idiotic chunwe's middle name is delusion. See this bastard that sleeps from morning till night everyday is accusing zion of not spending time with her. Thought they spent time in the restroom some days ago. Animal always seeking validation. Na now her day break at 6:50pm",,,,,,,,,,,,,,,,,,,,,,,,,,,,,,,,,,,,,,,,,
131545880,But are they in a relationship  for all these plenty explanations? He sounds like a guilty husband explaining to his wife that he cheated. He even added a dramactic pause 😁,,,,,,,,,,,,,,,,,,,,,,,,,,,,,,,,,,,,,,,,,
132283192,The money is boring The money is dry The money gullible The money is a bandwagon The money deserve Tinubu The money is floating Wetin d money never do? Plsss Vote oooooo so dat we can be able to analyse d money very well VOTE KELLYRAE🙏🙏🙏🙏,,,,,,,,,,,,,,,,,,,,,,,,,,,,,,,,,,,,,,,,,
131495539,"The way una dey stan this year, if it was other seasons we for dey hear The money is tricky The money is tochied The money is jaypauled The money is modella The money is dotuned The money is wathonified",,,,,,,,,,,,,,,,,,,,,,,,,,,,,,,,,,,,,,,,,
131806926,"Nelly should not have any conversation with anyone. They should go on and be gossipping. Seems the one rootie gave wanni never do her, na nelly be her new target. Imagine a girl (ashawo, incestuous drug addict at that) analysising another girl's nyash. E no too set etc. Rubbish",,,,,,,,,,,,,,,,,,,,,,,,,,,,,,,,,,,,,,,,,
132011350,"If Ozee and Ocee influenced the outcome of this season, then either of them should win the money. BBN is a game of personalities and the most stand out personality should win the money. So if Ocee and Ozee repressed the other adults, one of them should be handed the money and everyone else sent home. It's the same thing you guys did with white money, and he won the money, rightfully so.....",,,,,,,,,,,,,,,,,,,,,,,,,,,,,,,,,,,,,,,,,
132216795,"If you know your fav does not have a chance to win the money, keep voting money and gift the person the money.",,,,,,,,,,,,,,,,,,,,,,,,,,,,,,,,,,,,,,,,,
132116735,"Why does Anita keeps talking about her ""career in healthcare ""? Career in Healthcare is hardly a career as every career has a name. Are you a doctor, nurse, radiographer, health information, pharmacist, dietitian, physiotherapist, anatomist, etc? You talk about being known for something and yet never mention what it is that you do. Its befuddling.",,,,,,,,,,,,,,,,,,,,,,,,,,,,,,,,,,,,,,,,,
131812528,"I think that if any of the twin sets or of kos Chinwe were present during that argument about who should get the money, they would have caught on about them being married. “Kassia’s money na her money, but my own ne our own” But nobody there gorrit Lol",,,,,,,,,,,,,,,,,,,,,,,,,,,,,,,,,,,,,,,,,
131907142,"Onyeka obviously dates mostly married men. She has a thing for men in relationships and is one of those deluded side chics that believe that their married lover loves them more than their wives, which is her primary sexual fantasy",,,,,,,,,,,,,,,,,,,,,,,,,,,,,,,,,,,,,,,,,
132063574,No single housemate this year deserves the money. Make Big Brother kukuma just donate the money to TJ jor. At least he go use the money open one small clinic for him village.,,,,,,,,,,,,,,,,,,,,,,,,,,,,,,,,,,,,,,,,,
131561771,"""people that are usually loud , these twins are very quiet for the kind of allegations Ruthie is leveling against them on national television""! ""Come bitch come bitch. Go meet her na. She don finish una, na come bitch una fit say. Go face her, say something.  Ruthie win this one."" Ruthie: ""I never even use my abido-shaker 💅"" Guys... its official, Our Ruthie is trending on twitter ha ha ha ha ha ha ha ha (in Remas voice) https://x.com/Mandisa77/status/1824966532037775609",,,,,,,,,,,,,,,,,,,,,,,,,,,,,,,,,,,,,,,,,
132005009,"thank God useless tropher is angry at his everlasting losing sponsored tasks and wount follow anita's nyash for party tonight, make the small nyash rest small",,,,,,,,,,,,,,,,,,,,,,,,,,,,,,,,,,,,,,,,,
131816847,No of men who have won bbnaija 4 Efe 2017 Miracle 2018 laycon 2020 whitemoney 2021 No of women who have won bbnaija 3 Mercy in place of Tacha 2019. Phyna 2022 ilebaye 2023 Men leading 4 to 3 It's not even equal like 4/4 or women wining more at 6/4 So why did discussions about women winning this season lead to nonsense misogynistic comments about women winning bbnaija How can men be leading 4 to 3 and Then the people that want another man to win so it'll men leading at 5 to 3 wins are here being misogynistic under the pretence that men are being shortchanged when it comes to winning bbnaija? What kind of reverse psychology is that? The comment about bbnaija being a privately owned program still applies here. If you don't like anything. Don't watch. One thing I'm grateful for bbnaija voting is People are voting for who they want without prejudice Trying to skew votes along tribal or misogyny lines is tiring and I'm glad that's never been a reason for choosing a winner.,,,,,,,,,,,,,,,,,,,,,,,,,,,,,,,,,,,,,,,,,
131912692,"Ben is a big, fat fool. By now he should know that Chizoba is only tolerating him and doesn't like him. She only wants one of those twins. Why can't he read between the lines and leave her alone. I hate seeing men behave like idiots.",,,,,,,,,,,,,,,,,,,,,,,,,,,,,,,,,,,,,,,,,
131394470,"Men and brethren did this conversation happen? https://x.com/ChimmieeHQ/status/1821352022450241619?t=R4yGxmPmiiPeW98UuaknDQ&s=19 Clemet1111, Did this actually happened cos right now I'm literally flying to go vote for Shaun My akpa Amu is about to burst with happiness!! Now this is the Shameless ashawo man I Stan Shaun to the world!!",,,,,,,,,,,,,,,,,,,,,,,,,,,,,,,,,,,,,,,,,
131808052,"I still don’t see how this unpairing changes anything. These people are here on vacation. They will simply agree to share the money if one of their pairs wins. Besides, these people no really come win money. Na enjoyment, task money and fans dem come find. So the borefest continues.",,,,,,,,,,,,,,,,,,,,,,,,,,,,,,,,,,,,,,,,,
131615595,"Give women and inch and they will take a mile. You go Dey trust woman with other men especially when you’ve been caught cheating. I think those two are in an open marriage though, no married woman in the name of game would easily grind on another man or suck on the nipple of another man. No sane man either will ask his wife to play with other men just for game, that’s their reality. Me sef go try enter her once dem comot,since she’s for the streets.",,,,,,,,,,,,,,,,,,,,,,,,,,,,,,,,,,,,,,,,,
131597971,"Those of you voting for ""the money is married"" are in for a long thing. If they win, the husband will sideline his wife and discard her like a piece of trash. I was forced to watch their kissing scene, and there was no chemistry between them at all. The dude was just pressing her small ass like a toy.",,,,,,,,,,,,,,,,,,,,,,,,,,,,,,,,,,,,,,,,,
131245822,Floruish likes zinwe. They are their main paddies in the house. Dj flo partner also like mayor and doctor Doctor compliments her a lot. Dj flo also likes double Kay wife Abi husband I don forget.,,,,,,,,,,,,,,,,,,,,,,,,,,,,,,,,,,,,,,,,,
131807595,"All the paired HMs without a following of their own will  struggle here, the money is married crew and the money is classless/razz crew we await where all of una go align.....",,,,,,,,,,,,,,,,,,,,,,,,,,,,,,,,,,,,,,,,,
132135855,Kelly rae There is nothing like you should reciprocate There's no reciprocation you're just nominating Onyeka because you're pained your wife went to fight battle where it looked like she won Only to lose the war later. 😁 No be Onyeka fault your wife no fit answer question and her fans couldn't stomach the disgrace They went to bully Ebuka and got strike for her 😁 It's not onyeka's fault there. Na your wife wey no fit win battle wey she start,,,,,,,,,,,,,,,,,,,,,,,,,,,,,,,,,,,,,,,,,
131995603,Tjay lower your voice in this conversation before feminists will vex 😁 😁 😁 In a conversation with the female twins he said he admires how wanni takes care of geezeems boy.He said men like women that take care of their baby side.That men like women who pampers them alot.That even if their is a problem that the man will reconsider the relationship when he remembers that the woman has been taking good care of him. So we can comfortably say that Shawn is going no where.He will surely stay put in that ship .,,,,,,,,,,,,,,,,,,,,,,,,,,,,,,,,,,,,,,,,,
131345151,"The baby's must really think their ship is giving people content out here, lol, as for DJ Flo that people only recognize because of her stupid hats, they are busy talking who is strong and who is weak, because they survived week 1. Let Sunday come around we go see something",,,,,,,,,,,,,,,,,,,,,,,,,,,,,,,,,,,,,,,,,
132207176,"No Alpha male would have tolerated what the 3 witches did last night! especially when they were also being physical I mean the likes of Kidd, Adekunle, Pere , Boma, Teddy A, Seyi, Omashola would definitely act U can never bully these men lol",,,,,,,,,,,,,,,,,,,,,,,,,,,,,,,,,,,,,,,,,
131821582,"Why am I not liking this “urge” from handlers on which pair to vote for? I understand the strategy behind what they are doing BUT I keep thinking it is not fair on either Handi or Kassia in my opinion. I am sure they also want to win and there is no 100% guarantee that if their partners win, they will get half of the winnings…. I am especially bothered about the doubleK one.  From being the stronger one in the pair, Kassia has suddenly been relegated after working so much harder than her husband for the money.  All of a sudden, “my money is our money and kassia’s money is her money” WxH own is even more subtle.  Yeah Wanni is the one with boyfriend but Handi has been an equally heavy hitter in that twin dynamic.  Is it easy to be the “hanger on” in a trouple? Hmmm, i hope there wont be drama “after”biggie’s house but if there is, we are here to watch 😁 Please nobody should come for me oh.. my brain is having heddik 👅",,,,,,,,,,,,,,,,,,,,,,,,,,,,,,,,,,,,,,,,,
131425520,"It was as if Tobi heard my plee to slow down with making moves on Kassia… If truly the money is married, DoubleK will need to bring it. But for now, that money is as single as a nun…",,,,,,,,,,,,,,,,,,,,,,,,,,,,,,,,,,,,,,,,,
131292959,Well said. The marriage is on the line. That's why Ebuka wished them luck with their marriage before they stepped in to the house. Ebuka also asked the husband what he was thinking for accepting to be in the show with his wife. The marriage will not remain the same again if they last long enough in the house.,,,,,,,,,,,,,,,,,,,,,,,,,,,,,,,,,,,,,,,,,
131276074,First pool party where the men are more covered up than the girls Radicals and Baby aka Zion thank you for showing me flesh abeg Boma you missed abeg Na men con dey shy pass woman,,,,,,,,,,,,,,,,,,,,,,,,,,,,,,,,,,,,,,,,,
131275885,One day big brother will do me a favor and ban the men from wearing this singlet all the time. Monday to Thursday they wear Pool party they wear it Abi big brother naija don get uniform for men?,,,,,,,,,,,,,,,,,,,,,,,,,,,,,,,,,,,,,,,,,
132227187,The money those Nelita babes sacrificed for this show might be more than half of the price money because their votes doesn't reflect on social media at all.... Even mbadiwes is also questionable.,,,,,,,,,,,,,,,,,,,,,,,,,,,,,,,,,,,,,,,,,
131592712,"Glad Radicals are safe for this week again Sorry Beta, this might be the end of the road for you. Chekas and Zinwe, it will be a tight battle. The battle of first and Second will be between “the money is Classless and “the money is married”.",,,,,,,,,,,,,,,,,,,,,,,,,,,,,,,,,,,,,,,,,
132210348,Abegi.. They are evictees that are likely to stay till finals..So whats d difference if Wanni make finals and Kellyrae win the money... Las las they all escorted Kellyrae to win d money,,,,,,,,,,,,,,,,,,,,,,,,,,,,,,,,,,,,,,,,,
131601330,"Cho cho cho go and divorce her for him na, at your big age they forced you to watch two people kissing and you came up with this yeye conclusion. The money is still married, if they divorce the money will be divorced.",,,,,,,,,,,,,,,,,,,,,,,,,,,,,,,,,,,,,,,,,
131592381,"They will come outside to realise it, they are no one friends, but I really like their game that's how to play the game use people to do your dirty job..... If they can continue escaping their game play should give them a definite shot at the money.....",,,,,,,,,,,,,,,,,,,,,,,,,,,,,,,,,,,,,,,,,
131510240,The money is married is just very stupid to me Sha The money isn't married.. those 2 people haven't done anything special in the house yet.. Toby is not doing lovi lovi with Kassia anymore.. so tell me what more do they have to offer ?,,,,,,,,,,,,,,,,,,,,,,,,,,,,,,,,,,,,,,,,,
132030260,She is the most talented and creative person in that house. Atleast her creativity in fashion will earn her a career and make her more money for life. Not winning head of house doesn't equate to anything in life. What matters in life are your talent and creativity and that is what kassia has.,,,,,,,,,,,,,,,,,,,,,,,,,,,,,,,,,,,,,,,,,
131747437,"Wannihandi deserve to win this time around, i don't want to be biased. Truthfully they are the show and they are fun to watch (acting or not) but the money is married. Just supporting DoubleK so the money can help their marital journey that's all.",,,,,,,,,,,,,,,,,,,,,,,,,,,,,,,,,,,,,,,,,
132273733,"I have never voted for any housemate in the history of BBN, but some bad belle on this thread have pushed me to vote for Wanni. At this point, she is winning because I have done my underground job and it has been sealed. If you are pained, go and drink sniper. Wanni for the money. 😁 😁 😁",,,,,,,,,,,,,,,,,,,,,,,,,,,,,,,,,,,,,,,,,
132318351,"I really wish they’d get rid of either viewer voting or the prize money. Getting rid of the prize money sounds extreme but you can make it work, turn it back to a social experiment and not this person is poor so they deserve it",,,,,,,,,,,,,,,,,,,,,,,,,,,,,,,,,,,,,,,,,
131808762,"That’s why them Efe’s season will always be the most original. It was strictly about the prize money. No instagram, no fan seekers, few sponsored tasks, no experience from past seasons. Just pure entertainment from hungry housemates that came to win the money. Oh and the season had T Boss 😅",,,,,,,,,,,,,,,,,,,,,,,,,,,,,,,,,,,,,,,,,
131920437,"So Wanni said she loves my boy Shaun! Chai I hope Handi is game too because na the 2 both of them go give my boy twosome after the house. Even if we no win money make my boy see twosome collect. That twosome na win for my boy, he has money already.",,,,,,,,,,,,,,,,,,,,,,,,,,,,,,,,,,,,,,,,,
132314390,"I don't really comment on tribal lines. But I have seen all that was written here and I will give my honest take. Though I don't know how BBN organisers choose the housemates but I don't think it will be fair to say that Igbos are the most chosen. I will explain.. If 1000 people audition for example and 700 are from the south east,then that means that they will naturally be more . When you now consider that many Northerners don't bother with the show,you will agree with me that the organisers are not biased. I think they are choosing from the ""pool"" they have. That is if they are not choosing with money o Pls,I am just saying it as I see it. I will add something else,I don't really know how to say it without being misunderstood. The Igbos are known most times to go for what is right irrespective of their brother. What I mean to say...is that an average Igbo person won't even support a brother that doesn't know how to do a job,just cos the person is theirs. Many Igbos have supported and will continue to support non Igbo housemates! All they want is the entertainment! Lols. Dem no send. Lastly, I m not exonerating some tribal Igbos both on and off the thread. There will always be some bad eggs amongst the much good eggs. Love and light! Wanni my winner!",,,,,,,,,,,,,,,,,,,,,,,,,,,,,,,,,,,,,,,,,
131693342,"Scondy, for many years you have been complaining about tribal distribution in big brother, an entertainment show owned by a private company that is not even owned by Nigerians. What if the selection is done by South Africans that don’t care about tribal distribution? Do you know that the Multichoice franchise in Naija is owned by a Yoruba man? Doesn’t it tell you something? The company only cares about making money. Not tribal sentiments. Adewunmi Ogunsanya is busy cashing out from the same ‘unfair’ tribal distribution you complain about every year. If you are not happy about how they select housemates, you have two options. Boycott the show or go and start your own reality show where you are free to select who you want to!",,,,,,,,,,,,,,,,,,,,,,,,,,,,,,,,,,,,,,,,,
131195278,"Lol. I'm hoping this post is just you playing, but if it's not, a few corrections. 1. Ben is half Urhobo and half Yoruba. The Yoruba half is his father. His name is Olufemi Benjamin. 2. Ruthee of Flourish is from Cross River. 3. Sooj is Igbo. 4. Shaun is Edo (Okojie), Victoria is from Imo state 5. Wanni and Handi are from Kaduna. 6. Kassia is from Uromi, her husband is Isoko.",,,,,,,,,,,,,,,,,,,,,,,,,,,,,,,,,,,,,,,,,
132311471,"In a predominantly white country, if there is an intent to train 5-year-olds for future elite marathon careers, the Kenyan or Ethiopian child in the class will likely be chosen over any white child. Similarly, if the goal is to train for Olympic sprint events like the 100 or 200 meters, children of West African descent will be favored over their white peers. In contrast, an average white child has a better chance of being selected for a swimming competition than an average Black child. Despite America’s rivalry with China, Asian-Americans tend to be favored to represent the U.S. in table tennis or global math competitions. List the top 10 girls considered to be pretty on the show from each season in no particular order an the average viewers will mention: Kim Oprah- Igbo Erica- Igbo Nengi- Bayelsa Maria- Igbo Venita- Delta T-boss- Edo Victoria - Igbo Kassia - Bayelsa Beauty - North Saskay- North Those with peculiar facial features and exotic beauty seem to come from the Northern minorities who are Christians. I'm not saying that those from the aforesaid regions in Southern Nigeria are the prettiest,  nope. There are thousands of pretty tall, sexy Hausa-Fulani babes ""littered"" across Abuja but they're not going to audition because they're majorly Muslims and even if they do audition, no sane audition team is selecting a pretty Fulani babe into a house with cartons of  alcoholic drinks and handsome Bachelors ready to kiss their lips and suck their nipples during a truth/dare game. We've seen how Kannywood actresses are tortured for revealing skin and how most Northern states do not even produce their indigenes to represent in ""Miss Nigeria"" contest. Islamic conservatism reduces participation from Northern regions, leaving Southern Nigeria as the primary demographic pool for such shows. Whether it's a show like Keeping up with the Kardashians or Love Island, good looks are essential to attracting viewers. Among male contestants, Yoruba housemates such as Tobi, Mike Edwards, Seyi, and Sheggz have advanced far in these BBN, partly due to their physical appeal. Conversely, contestants like Dami and Toyosi were eliminated early, due to a lack of immediate appeal. Week 1 relies heavily on appearance, as viewers have not yet formed opinions on contestants' personalities. When thinking of the most successful Yoruba female housemate, Bisola often comes to mind. While she advanced far due to her talent, her appearance played a lesser role in her selection. Even Laycon, who won the show, secured victory largely through sympathy votes, not because of his looks. Ultimately, the selection process for Big Brother Naija places a significant emphasis on appearance, as they are designed for entertainment, not talent competitions like America's Got Talent. Consequently, regions with a higher perceived concentration of attractive individuals tend to dominate the show.",,,,,,,,,,,,,,,,,,,,,,,,,,,,,,,,,,,,,,,,,
131598639,😂😂😂 All this reverse psychology won't work tbh Kellyrae paid her bride price in full and they will use BBN money to go on their honeymoon after the show My brother and his wife for the win Make my State person  sef win,,,,,,,,,,,,,,,,,,,,,,,,,,,,,,,,,,,,,,,,,
131479198,"That thing about to go on, that's going on, will go on between Shaun and Onyeka.... I really really want it The only natural authentic Nyash closer to his ex's in that house is Onyeka's. Is Onyeka strong and bold enough to do what that half-witted, coward Nelly couldn't do? We watch",,,,,,,,,,,,,,,,,,,,,,,,,,,,,,,,,,,,,,,,,
131321638,"BB House raving spirit of both reciprocal and unreciprocated love in the air. carammel : Everyone at every corner is talking about who like who, abeg ! It is what it is. The spirit is in the air and the housemates are seizing every moment to investigate love, talk about it or actively pursue it. carammel : Seen another fine guy on green eating indomie with the dark skinned pretty babe, he looks fulani except for the nose.. Fine guy Topher - the other half of Aces (Topher and Sooj) in a conversation with pretty babe Toyosi - the other half of Tami (Toyosi&Damilola) firJ : All these men with bald hairline,what’s the age range for this years housemates? This Ben will be in his 40s. Publicly available information says he's ""29"". safarigirl : Even Sooj wey dem born 2000,/2001, dem dey drag Nelly on top him matter. Although tricky but Sooj doesn't look 23 to me. Michky looks more 23 than Sooj.",,,,,,,,,,,,,,,,,,,,,,,,,,,,,,,,,,,,,,,,,
131643187,"Jealously is the be it all and end it all for devil reincarnate, very fat, very ugly, very uncouth, very promiscuous, idiotic evil bitch chunwe. Breakfast in bed? Go and get nelly's body and persona and then u wount ask for it because it will surely come. Thunder fire u animal",,,,,,,,,,,,,,,,,,,,,,,,,,,,,,,,,,,,,,,,,
131491751,Give them some slack now. Twins must not know every. Because a twin can be different from another. But husband and wife? Let's wait and see the 10 years relationship gurus. Lols I go laugh tire. Pls keep the updates coming. Thanks,,,,,,,,,,,,,,,,,,,,,,,,,,,,,,,,,,,,,,,,,
132311964,"The viewers want a fine girl whether she has good character or not, so if you're an Erica the team will select you, and nobody is rejecting a Nengi-looking babe to pick a Funke Akindele-looking babe. The viewers want a pretty lady, so whether you're introverted like Victoria or not, you'll be selected. The viewers want a fine young man with links to ""old money wealth"", so whether you're Kiddwaya or Mbadiwe, you'll be selected. If one of those Okoya's young boys driving Gen-z babes crazy on Tiktok auditions for Big Brother Naija,  he'll be selected before they consider an Igbo guy. There's a limited slot for hustlers. Anybody with determination to break out will get this slot, usually upcoming and struggling musicians. There's a slot of big nyash or BBL 😆 If you're perceived to be too old, the viewers do not want you. There's also a slot or two for married people. There's a slot or two for Nigerians living abroad. Viewers want a ship. Think of Bollywood. The producers want mostly actors/actresses that pass the Indian beauty standards so that Zeeworld fans can be delulu. Most of the slots in BBN are for people with good looks, so the Igbos tend to dominate than the Yorubas. So if you're Mike Edwards, Teddy A, Sheggz, Tobi etc that babes will drool over in the house, you're more likely to be selected than a Laycon-looking igbo.",,,,,,,,,,,,,,,,,,,,,,,,,,,,,,,,,,,,,,,,,
,,,,,,,,,,,,,,,,,,,,,,,,,,,,,,,,,,,,,,,,,,
,,,,,,,,,,,,,,,,,,,,,,,,,,,,,,,,,,,,,,,,,,
131604000,"Of all the men in that house, it's Kellyrae that's really a husband material. He's really matured and full of wisdom. The rest are just for errands. Never seen Shaun in an intelligent conversation, it's so so sex talk with his village people chosen forbidden wife Wanni",,,,,,,,,,,,,,,,,,,,,,,,,,,,,,,,,,,,,,,,,
131230597,"Man, who selected this year’s housemates? That person really didn’t do a good job. Who are these two overweight women who are talking right now?",,,,,,,,,,,,,,,,,,,,,,,,,,,,,,,,,,,,,,,,,
131488763,"Giel, I heard that your girlfriend Chinwe was intimate with another man in the restroom. Can you confirm if this is true or not?",,,,,,,,,,,,,,,,,,,,,,,,,,,,,,,,,,,,,,,,,
131373735,"Why is kellyrae snubbing the wife or being too serious with the wife, even when she's trying to bring up a conversation. Wahala for besties",,,,,,,,,,,,,,,,,,,,,,,,,,,,,,,,,,,,,,,,,
1.81E+18,"Looks like Rejah just came with a lot of drama. Her husband is suing her &amp; the show as she filmed in his house with their kids without his consent. To his knowledge, she withdrew from the show after surgery only to find out she continued to film without his consent 🙆🏽‍♀️#RHONairobi https://t.co/jXHGNdYkky",,,,,,,,,,,,,,,,,,,,,,,,,,,,,,,,,,,,,,,,,
1.81E+18,Dr C seems like a powerful and influential someone in Nairobi. She has contacts and plugs people. I suspect that’s why Minnie and Vera will keep fighting or gossiping about her but never ever cut ties with her. They never burn the bridge #RHONairobi,,,,,,,,,,,,,,,,,,,,,,,,,,,,,,,,,,,,,,,,,
1.81E+18,These women all bluetoothed their hate for Dr C. I’m trying hard to think of what Dr C did to Rajah before the sniffing comments?? Child soldier comments are not that deep. She should have clarified and moved on .. #RHONairobi,,,,,,,,,,,,,,,,,,,,,,,,,,,,,,,,,,,,,,,,,
MIH-006,"No.. actually boys parents and boys are selfish that thy want the girl, her dowry her free service and everything but dint want or allow her to look afer her own parents .. uch selfish and greedy people..",,,,,,,,,,,,,,,,,,,,,,,,,,,,,,,,,,,,,,,,,
MIH-009,The thing which i just don't get at all is how do these people create amazinggg shaadis with all the trauma in hand??? Like really no fuck ups even when Karan is naked on the beach???,,,,,,,,,,,,,,,,,,,,,,,,,,,,,,,,,,,,,,,,,
MIH-018,Puja you understand the difference between enhancing someone’s facial features and changing someone’s skin tone? The latter happens because of societal prejudice towards dark skinned people and most Indians are dark. We are a self-hating people who still think white skin is superior. Please try to understand nuances.,,,,,,,,,,,,,,,,,,,,,,,,,,,,,,,,,,,,,,,,,